date,totalDistanceMeters,activeKilocalories,totalKilocalories,floorsAscendedInMeters,totalSteps,dailyStepGoal,moderateIntensityMinutes,vigorousIntensityMinutes,highlyActiveSeconds,activeSeconds,minHeartRate,maxHeartRate,restingHeartRate
2019-08-03,5735,456,2909,21.336,5883,7500,0,0,2700,3698,61,136,64
2019-08-04,9113,1007,3460,46.751,8962,7180,45,0,3610,8645,49,127,62
2019-08-05,15859,1614,4067,32.664,18125,7360,60,46,2999,12427,56,160,63
2019-08-06,13246,1497,3950,62.646,12983,9360,53,0,5846,8514,53,151,63
2019-08-07,17740,1290,3743,63.266,19670,10090,10,30,2307,12536,43,175,61
2019-08-08,12439,1908,4361,36.576,12788,12010,43,10,3202,9340,40,136,58
2019-08-09,13344,1337,3808,65.791,15191,12170,26,43,2500,13075,40,177,57
2019-08-10,10675,1393,3864,35.886,12158,12780,19,59,2715,10323,41,161,55
2019-08-11,13207,2001,4472,33.528,13955,12720,64,53,4261,10679,38,142,53
2019-08-12,10841,1592,4063,31.158,9720,12850,12,0,2085,8359,39,141,51
2019-08-13,11577,1621,4092,23.338,12375,12540,8,52,1908,8862,63,166,50
2019-08-14,13623,1430,3901,27.793,13612,12510,16,0,2999,8414,48,148,50
2019-08-15,26153,1461,3941,80.245,29185,12620,9,18,1319,19657,38,178,51
2019-08-16,13870,1430,3905,42.672,14343,14620,39,3,5703,9851,37,145,50
2019-08-17,14041,1499,3974,64.719,15968,14600,19,54,2973,11730,41,153,50
2019-08-18,15621,1461,3936,72.48,16194,14740,25,0,4364,11331,33,150,50
2019-08-19,19943,2160,4625,67.056,22003,15030,40,69,3065,16159,37,153,49
2019-08-20,7566,1434,3899,29.122,4409,16430,0,0,801,3741,41,121,48
2019-08-21,13282,1286,3751,39.961,15085,15230,29,46,2575,10644,37,153,47
2019-08-22,9046,396,2859,40.445,10326,15210,0,0,3046,7894,33,132,46
2019-08-23,19950,1433,3896,64.47,21818,14240,41,0,6334,10645,37,141,46
2019-08-24,21228,2122,4585,27.432,23778,15000,46,65,3354,16401,31,161,46
2019-08-25,13108,1264,3727,64.008,13268,16760,31,0,4614,6923,37,147,46
2019-08-26,20202,1292,3758,85.866,22308,16410,6,19,2977,14119,39,177,46
2019-08-27,13972,952,3412,89.907,15264,17000,2,15,1856,10666,38,171,45
2019-08-28,25689,2658,5128,153.978,24721,16830,52,77,8797,12835,35,212,46
2019-08-29,16182,1798,4256,119.279,18468,17620,18,54,4572,13389,40,159,47
2019-08-30,22758,1913,4371,117.089,24775,17790,4,15,3661,15637,40,171,47
2019-08-31,10983,686,3144,77.73,12449,19190,0,0,2183,9101,43,128,47
2019-09-01,17135,1281,3739,132.916,18420,18520,33,1,3227,12353,40,135,47
2019-09-02,11569,842,3305,66.149,12606,18500,4,15,2770,8893,35,166,47
2019-09-03,19199,2209,4661,79.248,21495,17330,40,74,2112,14708,33,164,47
2019-09-04,12769,765,3217,52.677,14467,17750,0,0,2768,9889,40,133,47
2019-09-05,20029,2338,4796,107.991,22365,17430,73,60,3440,17452,38,159,47
2019-09-06,10332,787,3236,90.513,11080,17930,4,15,2096,7179,47,167,48
2019-09-07,11650,662,3111,83.624,13009,17250,0,0,1133,7343,38,125,48
2019-09-08,12084,1601,4050,97.536,11494,16410,28,8,3109,7989,34,159,48
2019-09-09,9472,666,3115,82.296,10751,15430,0,0,1354,7812,36,147,49
2019-09-10,17771,1391,3840,121.931,19432,14500,4,31,3231,10353,38,166,49
2019-09-11,13323,858,3305,72.295,15215,15000,0,0,840,11447,40,138,49
2019-09-12,13748,823,3270,91.878,15658,15050,0,0,1933,11534,39,138,49
2019-09-13,4450,242,2689,38.71,5063,15180,0,0,2750,2531,38,124,49
2019-09-14,4379,264,3730,5.3340000000000005,5013,14170,0,0,596,5858,40,133,48
2019-09-15,11,0,2447,0,13,12340,0,0,0,4,78,78,NA
2019-09-16,14539,1284,3731,71.051,14963,12340,34,3,2504,9594,45,158,49
2019-09-17,10848,680,3127,88.392,12405,12610,0,0,3850,6409,35,126,50
2019-09-18,15540,1965,4412,86.618,15079,12590,27,6,2813,10755,33,161,50
2019-09-19,16410,2108,4560,142.398,16262,12840,56,14,6012,9634,39,195,49
2019-09-20,13623,1373,3822,64.008,14051,13530,0,0,3667,8304,37,159,50
2019-09-21,12682,1603,4043,76.2,12294,13640,36,12,2990,10014,31,141,49
2019-09-22,3523,281,2719,9.144,3114,13510,1,17,1059,145,38,168,49
2019-09-23,13599,1207,3640,70.834,12840,11430,38,11,2575,7416,45,159,49
2019-09-24,11409,874,3310,37.579,10179,11580,20,2,2054,7131,45,136,48
2019-09-25,12889,745,3181,121.041,14730,11440,0,0,1654,9756,31,136,47
2019-09-26,14368,744,3180,113.029,16432,11770,0,0,1056,12480,41,127,47
2019-09-27,0,0,2436,0,0,12710,0,0,0,0,NA,NA,NA
2019-09-28,18498,2013,4442,135.906,19690,12710,13,15,2170,13671,50,148,49
2019-09-29,6959,546,2975,39.624,7966,14110,0,0,1184,6106,45,137,50
2019-09-30,18106,1800,4229,147.921,19275,13500,44,3,4415,13375,42,143,50
2019-10-01,16935,2052,4485,96.783,16693,14080,29,12,3138,10862,40,155,52
2019-10-02,17011,1691,4121,85.848,16487,14610,11,0,2252,11470,39,153,53
2019-10-03,16562,1672,4102,117.696,16430,14990,30,6,3167,11639,49,170,54
2019-10-04,24522,2057,4487,183.923,26218,15280,30,3,4760,18309,46,139,55
2019-10-05,18593,1632,4059,80.27,18818,17280,0,0,3458,13391,44,131,54
2019-10-06,13595,565,2992,125.802,15988,17590,0,0,1509,10867,34,121,53
2019-10-07,15725,1142,3566,86.755,15447,17430,46,5,4149,10213,35,142,52
2019-10-08,17756,1589,4005,82.295,18056,17040,27,1,3630,10639,48,147,52
2019-10-09,19827,1449,3867,77.308,20347,17150,11,5,2365,13721,41,133,51
2019-10-10,18696,1598,4016,60.959,18681,17790,28,0,3587,14657,43,139,51
2019-10-11,19106,1927,4340,108.591,19820,17970,32,7,4572,11301,37,148,50
2019-10-12,6617,269,2680,27.904,7575,18340,0,0,1307,6730,42,121,50
2019-10-13,14294,1129,3539,80.888,15569,17270,19,3,2170,11595,47,143,51
2019-10-14,18810,1544,3957,122.344,19696,16930,50,21,5088,12792,42,157,52
2019-10-15,14217,1192,3603,64.008,13566,17210,7,13,3617,9203,39,152,51
2019-10-16,17762,1797,4196,76.2,18271,16850,40,4,3214,13734,44,139,51
2019-10-17,17774,1618,4017,86.154,18445,17000,8,21,4210,13867,43,148,51
2019-10-18,14037,875,3274,68.531,16054,17290,0,0,1105,12099,40,143,51
2019-10-19,15531,1591,3990,51.983,14866,17170,0,0,1831,13429,41,152,52
2019-10-20,11732,1534,3942,27.432,11381,16710,38,5,4140,6622,53,134,52
2019-10-21,16509,1495,3903,81.306,16490,15650,30,1,2880,12532,40,151,52
2019-10-22,16506,1725,4133,44.956,16097,15740,15,10,2620,11017,46,162,53
2019-10-23,16496,1596,4004,71.839,17101,15820,40,14,3463,11842,44,147,53
2019-10-24,15572,1421,3826,65.928,15904,16080,25,0,2960,12597,41,145,53
2019-10-25,11342,564,2969,55.628,12983,16070,0,0,1388,8531,40,129,53
2019-10-26,7635,442,2836,19.792,8740,15460,0,0,2012,8060,39,119,52
2019-10-27,7234,378,2772,5.18,8253,14120,0,0,3278,4921,36,117,50
2019-10-28,13555,965,3359,70.622,15516,12950,0,0,479,10481,32,151,51
2019-10-29,18982,1888,4281,85.736,18840,13210,16,20,3496,14633,39,165,51
2019-10-30,17788,2175,4568,58.111,17887,14340,24,4,4669,13634,41,144,50
2019-10-31,17338,1628,4014,72.048,18328,15050,11,3,3276,16118,45,173,51
2019-11-01,14473,750,3136,94.488,16567,15710,0,0,480,13186,45,150,52
2019-11-02,11085,564,2950,42.672,12659,15890,0,0,1586,8365,45,127,53
2019-11-03,8465,367,2753,24.598,9690,15570,0,0,1380,8436,39,117,54
2019-11-04,18529,1226,3612,62.997,19050,14400,50,4,4335,12208,46,167,54
2019-11-05,18696,1422,3810,105.795,19757,14870,26,6,4704,9987,49,205,55
2019-11-06,11442,666,3054,69.264,13098,15850,0,0,1351,9204,38,140,55
2019-11-07,11285,694,3082,63.187,12918,15580,0,0,2228,7347,45,139,54
2019-11-08,14417,505,2893,97.536,16422,15050,0,0,2574,8397,44,134,53
2019-11-09,0,0,2388,0,0,15190,0,0,0,0,NA,NA,NA
2019-11-10,8867,957,3336,32.02,9178,15190,0,0,1704,6452,56,141,55
2019-11-11,10399,468,2847,37.674,11877,14590,0,0,2464,9602,38,125,55
2019-11-12,14188,1435,3814,51.816,13942,14050,10,0,3110,11280,46,162,53
2019-11-13,16696,1521,3931,69.326,16977,14030,35,10,4975,11055,47,148,53
2019-11-14,16891,1184,3594,83.827,19075,14330,28,0,3241,14370,43,132,53
2019-11-15,9653,583,2993,58.694,11050,15280,0,0,1162,11182,39,122,52
2019-11-16,4486,267,2677,28.183,5135,14860,0,0,1409,2127,38,139,51
2019-11-17,12293,630,3040,43.901,13932,12920,0,0,801,8152,36,141,49
2019-11-18,12344,613,3023,18.407,14122,13030,0,0,99,9544,36,122,50
2019-11-19,7829,588,2998,74.241,8962,13250,0,0,591,6710,44,148,50
2019-11-20,11613,675,3085,115.942,13293,12830,0,0,1182,6734,38,139,50
2019-11-21,0,0,2410,0,0,12880,0,0,0,0,NA,NA,NA
2019-11-22,0,0,2410,0,0,12880,0,0,0,0,NA,NA,NA
2019-11-23,9473,489,2899,48.768,10844,12880,0,0,1146,6914,40,130,51
2019-11-24,6701,794,3187,45.72,7352,14030,22,0,2573,4002,45,219,52
2019-11-25,16437,1255,3648,54.027,17010,12700,14,12,3646,12861,49,162,53
2019-11-26,12051,1456,3849,29.413,11459,13140,14,3,3056,8921,48,148,54
2019-11-27,16865,1840,4233,126.164,17005,12980,25,4,2785,14165,46,160,55
2019-11-28,0,0,2393,0,0,13390,0,0,0,0,53,66,55
2019-11-29,5185,335,2728,18.288,5935,13390,0,0,1479,7412,56,124,56
2019-11-30,17605,1881,4278,41.225999999999985,16856,12650,13,8,2091,15082,48,184,58
2019-12-01,15362,1672,4069,37.542,15447,13070,15,9,4372,11698,47,155,55
2019-12-02,16617,882,3279,111.543,18955,13550,11,0,2335,11711,42,143,53
2019-12-03,11739,708,3105,61.637,13322,14640,0,0,1094,10099,41,136,52
2019-12-04,15641,758,3155,75.07,17904,14510,0,0,2833,11239,46,152,51
2019-12-05,14441,623,3020,104.225,16493,14850,0,0,1421,10151,36,140,50
2019-12-06,12935,1204,3601,82.296,14807,15180,0,0,1557,14685,45,141,50
2019-12-07,8445,575,2972,43.615,9667,15150,0,0,1398,8002,40,143,48
2019-12-08,6370,400,2797,21.336,6824,14060,0,0,1362,4729,53,128,49
2019-12-09,12298,846,3243,91.44,14077,12620,0,0,348,11580,43,131,48
2019-12-10,13384,721,3118,82.843,15275,12770,0,0,1374,11441,41,128,48
2019-12-11,12874,882,3279,70.14,14737,13280,0,0,597,13657,40,134,49
2019-12-12,14074,809,3206,49.255,16000,13580,0,0,2911,10073,44,136,50
2019-12-13,18344,1071,3468,126.156,20986,14070,0,0,1185,12741,46,132,51
2019-12-14,7753,862,3259,37.653,8760,15460,3,7,1208,8778,53,144,53
2019-12-15,10499,606,3003,60.342,12006,14790,0,0,339,9488,45,140,52
2019-12-16,12892,946,3343,57.112,14693,14240,0,0,1745,12989,34,136,52
2019-12-17,13564,956,3353,107.528,15510,14290,0,0,1917,12182,45,142,52
2019-12-18,11905,771,3168,52.099,13623,14540,0,0,440,11207,46,143,52
2019-12-19,17261,898,3295,88.862,19758,14450,0,0,773,16527,44,144,53
2019-12-20,14805,911,3308,64.513,16947,14980,0,0,1841,12500,32,141,51
2019-12-21,14138,843,3240,76.199,16184,15380,0,0,540,12930,47,151,50
2019-12-22,14619,811,3208,35.747,16714,15540,0,0,576,14450,42,135,50
2019-12-23,8425,448,2845,21.605,9644,15780,0,0,1766,6355,40,142,51
2019-12-24,8531,206,2603,12.192,9507,15170,0,0,1619,3687,47,129,52
2019-12-25,12166,696,3093,78.382,14760,14040,20,0,2326,12791,45,123,52
2019-12-26,0,0,2397,0,0,14120,0,0,0,0,58,98,52
2019-12-27,3875,342,2739,13.245,3733,14120,2,20,1193,358,61,176,NA
2019-12-28,0,0,2397,0,0,13090,0,0,0,0,NA,NA,NA
2019-12-29,8931,799,3196,30.78,9415,13090,3,19,2284,5455,47,184,53
2019-12-30,10850,575,2972,40.525,12400,12360,0,0,1101,8250,49,132,55
2019-12-31,9015,690,3087,49.898,9494,12370,3,19,1707,5093,47,178,55
2020-01-01,14749,1006,3397,44.55,14334,12090,0,0,3322,10626,47,138,55
2020-01-02,14719,1998,4385,54.904,12520,12320,14,1,942,10666,52,179,56
2020-01-03,16485,1833,4248,61.435,15297,12360,14,5,2189,15131,46,162,56
2020-01-04,6645,748,3188,68.19999999999999,6722,7500,2,19,1847,8814,42,178,52
2020-01-05,15751,1601,4041,35.642,13802,12950,12,2,1042,10901,39,144,50
2020-01-06,10933,518,2958,73.152,12515,13120,0,0,703,8031,35,134,49
2020-01-07,10183,595,3035,67.44,11656,13060,0,0,1398,10714,38,128,48
2020-01-08,17139,1605,4045,70.936,15490,12780,3,16,1548,12535,37,155,48
2020-01-09,12460,1211,3651,34.821,10203,13060,0,0,2112,9354,48,149,49
2020-01-10,15704,1431,3871,70.981,15030,12780,10,12,1613,11568,34,162,49
2020-01-11,15207,1239,3679,53.272,13874,13010,12,17,2696,8769,35,139,48
2020-01-12,10337,1118,3558,27.975,10541,13190,1,10,2123,9791,38,232,48
2020-01-13,10417,590,3030,114.108,11911,12930,0,0,1113,9594,43,139,49
2020-01-14,11011,489,2920,70.686,12596,12730,0,0,1339,10614,42,136,49
2020-01-15,12394,703,3134,55.981,14187,12710,8,2,1843,11505,30,133,49
2020-01-16,15423,990,3426,104.695,17654,12860,0,0,2507,13072,36,136,49
2020-01-17,13867,739,3175,50.245,15858,13820,0,0,1567,14397,41,122,48
2020-01-18,9015,303,2739,28.188,10288,14230,0,0,897,9795,43,117,49
2020-01-19,9917,484,2920,39.624,11265,13840,0,0,980,6555,43,131,50
2020-01-20,7918,411,2847,21.58,9023,13330,0,0,923,8055,41,136,49
2020-01-21,11027,790,3226,65.629,12623,12470,0,0,993,12859,42,137,49
2020-01-22,13172,722,3158,44.22,14663,12490,0,0,2245,12719,39,135,49
2020-01-23,11708,693,3129,55.446,13402,12930,0,0,957,7773,43,143,49
2020-01-24,9514,450,2886,48.768,10890,13030,0,0,692,6504,45,128,49
2020-01-25,9567,456,2892,37.068,10848,12820,0,0,3133,7573,35,134,48
2020-01-26,8014,284,2720,21.336,9173,12430,0,0,1068,5004,37,129,47
2020-01-27,15302,1623,4054,56.501,13346,11780,9,3,1614,11697,50,145,48
2020-01-28,14034,1708,4132,94.497,12882,11940,15,1,1958,11039,54,153,50
2020-01-29,16119,1215,3645,61.585,13541,12130,0,0,1809,11797,46,176,52
2020-01-30,12877,1247,3677,51.816,11116,12420,12,3,2055,7280,49,164,53
2020-01-31,19296,1695,4128,110.857,18896,12290,14,16,1884,13730,51,156,54
2020-02-01,6891,326,2759,17.296,7888,12950,0,0,13,5589,51,108,56
2020-02-02,13609,796,3229,56.916,15578,12450,0,0,403,11164,45,152,57
2020-02-03,12136,572,3005,99.008,13892,12770,0,0,1730,9772,38,142,56
2020-02-04,17724,1752,4194,91.618,16006,13000,7,7,2403,12765,40,164,55
2020-02-05,15286,1785,4222,51.83,12734,13610,1,16,1895,8771,48,175,54
2020-02-06,14643,1317,3752,60.96,12353,13530,13,2,1494,10503,46,148,55
2020-02-07,15113,1491,3913,83.549,13085,13300,13,1,2157,10428,47,139,54
2020-02-08,8422,587,3009,48.768,9641,13260,0,0,2180,6589,44,140,53
2020-02-09,10834,721,3143,28.943,12402,12540,0,0,1857,12763,45,137,52
2020-02-10,17220,1810,4237,94.488,15278,12520,3,13,1828,11849,45,175,54
2020-02-11,16671,1560,3973,67.896,14897,12800,14,0,1641,11578,45,141,55
2020-02-12,17791,2044,4455,78.32,15634,13220,0,16,1750,11931,47,173,55
2020-02-13,12058,956,3374,110.975,13788,13710,0,0,1150,12664,47,141,55
2020-02-14,16240,1334,3752,80.623,18577,13730,9,8,1380,16477,55,151,57
2020-02-15,8477,527,2945,29.42,9704,14700,0,0,893,7080,36,132,57
2020-02-16,7133,821,3239,2.213,7809,14200,33,34,1716,5195,48,161,58
2020-02-17,5889,668,3089,12.997,6043,12930,22,21,1078,4219,73,159,59
2020-02-18,6013,400,2821,35.079,6883,11560,0,0,180,5369,52,140,59
2020-02-19,12104,725,3146,71.644,13855,10630,0,0,641,10508,47,145,59
2020-02-20,12803,737,3158,86.418,14645,10960,0,0,3697,9351,45,147,58
2020-02-21,5927,278,2699,21.683,6784,11700,0,0,1645,3525,46,130,57
2020-02-22,7919,947,3368,7.302,8187,11210,12,55,3178,4695,50,165,57
2020-02-23,17683,1582,4003,61.283,17051,10610,71,16,847,12322,45,231,58
2020-02-24,15174,1442,3879,88.392,12833,11260,15,0,1708,9792,47,140,56
2020-02-25,13654,1616,4040,60.96,11395,11580,15,0,682,8716,50,201,57
2020-02-26,17010,1939,4358,89.588,14937,11570,14,2,1029,10819,50,145,57
2020-02-27,13156,1480,3907,49.769,12011,11910,13,5,1286,10474,46,142,57
2020-02-28,16141,1445,3858,66.372,15337,11930,21,15,551,10711,44,148,57
2020-02-29,15504,1256,3669,58.347,16809,12620,49,22,1651,12243,48,151,58
2020-03-01,12333,960,3373,27.675,13494,13460,22,17,2415,9926,48,150,56
2020-03-02,11443,614,3027,36.576,13099,13470,0,0,767,9814,47,136,56
2020-03-03,10206,1112,3525,67.709,10008,13440,12,2,844,7910,41,148,54
2020-03-04,18814,1636,4049,102.793,17375,12760,17,11,1980,13583,43,152,54
2020-03-05,13129,1345,3766,93.01,11603,13230,0,0,989,8543,50,156,54
2020-03-06,15520,1461,3882,79.272,14626,13070,14,1,1809,11535,41,150,53
2020-03-07,15826,1245,3666,73.152,17305,13230,56,11,2586,11979,40,153,51
2020-03-08,11176,890,3311,36.769999999999996,12316,14050,51,19,1262,9000,38,152,51
2020-03-09,9383,640,3061,100.584,10724,13880,0,0,1081,7107,41,140,51
2020-03-10,16550,1483,3904,71.864,15287,13250,7,7,1962,12135,42,140,51
2020-03-11,13179,1270,3691,42.034,11422,13460,2,16,1868,8675,48,148,51
2020-03-12,15295,1223,3644,77.687,15432,13260,0,0,1063,12659,44,142,50
2020-03-13,10880,755,3176,35.547,12454,13480,5,7,1220,11613,52,155,51
2020-03-14,5255,251,2672,14.271,6015,13380,0,0,410,6094,40,112,51
2020-03-15,5422,214,2635,31.037,6207,11910,0,0,1198,3578,39,134,51
2020-03-16,16857,925,3346,111.363,19269,10770,0,0,1391,14967,39,128,51
2020-03-17,0,0,2421,0,0,11620,0,0,0,0,NA,NA,NA
2020-03-18,0,0,2421,0,0,11620,0,0,0,0,NA,NA,NA
2020-03-19,5730,450,2871,18.652,5874,11620,7,19,1294,2391,50,174,53
2020-03-20,614,29,2450,0,703,11050,0,0,338,359,42,105,53
2020-03-21,1862,125,2546,9.144,2132,11050,0,0,30,1812,42,120,53
2020-03-22,3677,313,2734,16.737,3641,9270,3,21,1237,330,76,176,56
2020-03-23,3658,311,2732,9.795,3510,8150,3,19,1236,187,78,177,NA
2020-03-24,6746,567,2988,15.743,7133,7230,2,21,1298,3597,57,174,59
2020-03-25,6988,534,2955,32.298,7999,7210,0,0,2733,6563,44,145,57
2020-03-26,3503,311,2732,15.92,3248,7290,2,19,1075,300,62,180,59
2020-03-27,0,0,2421,0,0,6890,0,0,0,0,NA,NA,NA
2020-03-28,2467,85,2506,3.087,2805,6890,0,0,726,1918,42,113,59
2020-03-29,0,0,2421,0,0,6080,0,0,0,0,44,85,57
2020-03-30,0,0,2421,0,0,6080,0,0,0,0,NA,NA,NA
2020-03-31,11140,640,3061,56.446,12012,6080,2,18,2139,5951,46,178,55
2020-04-01,3848,300,2721,10.437,3530,6680,3,17,1239,215,70,174,58
2020-04-02,0,0,2421,0,0,6370,0,0,0,0,NA,NA,NA
2020-04-03,0,0,2421,0,0,6370,0,0,0,0,NA,NA,NA
2020-04-04,1317,87,2508,4.196,1508,6370,0,0,420,1522,51,122,59
2020-04-05,0,0,2421,0,0,5400,0,0,0,0,NA,NA,NA
2020-04-06,5870,481,2902,24.384,6705,5400,0,0,1535,6088,47,126,58
2020-04-07,0,0,2421,0,0,5530,0,0,0,0,NA,NA,NA
2020-04-08,0,0,2421,0,0,5530,0,0,0,0,NA,NA,NA
2020-04-09,3638,306,2727,12.342,3297,5530,3,19,1181,185,55,175,58
2020-04-10,3661,301,2722,12.407,3440,5310,2,20,1210,112,66,179,60
2020-04-11,0,0,2421,0,0,4940,0,0,0,0,NA,NA,NA
2020-04-12,7434,345,2766,13.3,8510,4940,0,0,285,5779,36,118,57
2020-04-13,4171,244,2665,13.639,4775,5300,0,0,909,4693,39,120,56
2020-04-14,542,18,2439,0,620,5250,0,0,215,627,34,94,53
2020-04-15,0,0,2421,0,0,4330,0,0,0,0,NA,NA,NA
2020-04-16,4555,321,2742,30.48,5214,4330,0,0,1007,4975,41,136,50
2020-04-17,0,0,2421,0,0,4420,0,0,0,0,NA,NA,NA
2020-04-18,6954,524,2945,31.721,7184,4420,1,20,2395,2974,45,185,49
2020-04-19,1987,92,2513,0,2257,4980,0,0,411,1674,39,98,49
2020-04-20,4429,371,2792,24.691,5025,4710,0,0,1744,4423,39,127,49
2020-04-21,3738,344,2765,13.704,3680,4750,1,23,1260,348,83,181,NA
2020-04-22,10801,1133,3554,26.709,12364,4650,0,0,1436,13418,52,140,52
2020-04-23,6531,536,2957,63.295,7469,5430,0,0,1539,6979,41,141,52
2020-04-24,14002,1043,3464,73.245,15997,5840,14,0,1207,11676,50,142,53
2020-04-25,6759,889,3310,24.977,7152,7840,12,26,3196,3942,60,169,53
2020-04-26,3650,309,2730,12.38,3501,7780,2,19,1250,92,81,176,NA
2020-04-27,13436,680,3101,30.48,15380,6930,0,0,1099,11008,47,133,55
2020-04-28,133,6,2427,0,152,7780,0,0,30,302,37,88,53
2020-04-29,10298,870,3291,63.203,11788,7780,0,0,2670,10696,45,158,54
2020-04-30,0,0,2421,0,0,8590,0,0,0,0,NA,NA,NA
2020-05-01,4287,279,2700,4.455,4886,8590,0,0,720,4897,44,118,54
2020-05-02,13050,853,3274,102.644,14928,8220,0,0,1704,10486,51,143,54
2020-05-03,0,0,2421,0,0,8890,0,0,0,0,NA,NA,NA
2020-05-04,0,0,2421,0,0,8890,0,0,0,0,79,79,NA
2020-05-05,0,0,2421,0,0,8890,0,0,0,0,NA,NA,NA
2020-05-06,3871,319,2740,12.531,3767,8890,1,23,1490,89,79,170,62
2020-05-07,0,0,2421,0,0,8380,0,0,0,0,NA,NA,NA
2020-05-08,3800,329,2750,12.723,3556,8380,1,22,1489,238,64,178,68
2020-05-09,0,0,2421,0,0,7420,0,0,0,0,NA,NA,NA
2020-05-10,7326,478,2899,107.578,9269,7420,16,0,285,7875,45,120,67
2020-05-11,5056,258,2675,20.172,5774,7610,0,0,744,5177,35,137,65
2020-05-13,8768,734,3155,21.981,10037,7610,8,2,1554,7746,50,143,64
2020-05-14,0,0,2421,0,0,8100,0,0,0,0,58,69,62
2020-05-15,19118,1459,3880,99.119,20292,8100,0,0,1095,15441,64,144,64
2020-05-16,0,0,2421,0,0,10100,0,0,0,0,NA,NA,NA
2020-05-17,0,0,2421,0,0,10100,0,0,0,0,NA,NA,NA
2020-05-18,13823,847,3268,77.63,15790,10100,4,7,1441,12363,43,145,62
2020-05-19,5332,798,3219,13.147,4779,11240,14,0,664,3887,54,128,62
2020-05-20,13686,947,3368,98.95,15660,10600,2,13,2030,9398,47,144,61
2020-05-21,0,0,2421,0,0,11110,0,0,0,0,NA,NA,NA
2020-05-22,14452,942,3363,88.392,16538,11110,0,0,219,10614,44,145,56
2020-05-23,8897,1839,4260,6.143,3233,12200,0,0,1315,3355,39,119,53
2020-05-24,5155,370,2791,39.734,5882,11310,20,6,1535,3028,40,150,53
2020-05-25,8108,1288,3709,13.894,6349,10230,2,12,1362,7006,54,147,52
2020-05-26,11593,643,3064,64.324,13263,9460,0,0,601,10169,47,142,51
2020-05-27,8125,719,3140,36.951,9245,9840,0,0,1408,8681,32,136,49
2020-05-28,9611,567,2988,31.825,10923,9780,0,0,2690,7147,48,126,50
2020-05-29,19359,1738,4159,173.736,20227,9900,26,16,1747,13918,47,180,51
2020-05-30,7604,825,3246,12.641,6286,11900,10,6,674,5258,44,129,53
2020-05-31,14751,963,3384,94.488,16554,11340,9,6,1801,11643,46,137,55
2020-06-01,8319,564,2985,33.528,9344,11870,0,0,1953,8485,49,152,54
2020-06-02,10236,450,2871,53.571,11688,11620,0,0,1389,6843,38,132,54
2020-06-03,11910,691,3112,58.006,13633,11630,0,0,2046,7423,36,138,57
2020-06-04,5618,271,2692,20.391,6413,12030,0,0,61,3822,49,132,57
2020-06-05,5315,173,2594,12.192,6084,11470,0,0,758,2956,39,134,56
2020-06-06,7341,1028,3449,9.264,5610,10400,8,6,700,3994,47,129,55
2020-06-07,7155,1728,4149,26.602,3811,9450,22,1,437,3923,44,142,55
2020-06-08,7357,382,2803,27.897,8422,8330,0,0,1177,7996,41,121,55
2020-06-09,9059,905,3326,124.968,9492,8340,11,0,99,7257,59,136,56
2020-06-10,0,0,2421,0,0,8570,0,0,0,0,NA,NA,NA
2020-06-11,10893,731,3152,39.624,12469,8570,0,0,511,8881,48,135,55
2020-06-12,14089,847,3268,107.354,16128,9350,15,4,555,9458,46,145,57
2020-06-13,5921,1152,3573,14.362,2832,10710,16,0,1120,2080,60,123,58
2020-06-14,8816,1314,3735,13.121,5750,9930,14,4,2691,3572,43,147,58
2020-06-15,14109,1095,3516,73.397,15346,7500,1,19,2585,11199,47,172,59
2020-06-16,18230,1498,3919,162.10600000000002,18947,9190,18,43,4438,10557,37,163,57
2020-06-17,19278,1894,4377,110.285,18031,8290,20,65,5339,10560,40,173,54
2020-06-18,7611,326,2797,37.125,8687,10240,0,0,1162,6198,38,106,52
2020-06-19,18106,1489,3950,120.899,18607,10090,43,44,3728,12575,35,157,50
2020-06-20,20235,2495,4960,134.112,16520,10950,5,116,3407,11085,36,172,49
2020-06-21,13503,699,3154,43.901,15393,12070,0,0,2717,11299,36,123,48
2020-06-22,7928,402,2876,19.157,9075,12740,0,0,876,8730,39,113,45
2020-06-23,12847,635,3101,71.31,13832,12380,0,19,2423,7333,36,173,43
2020-06-24,23545,2770,5223,196.613,19357,12530,18,117,1905,14931,39,179,43
2020-06-25,12521,537,2992,38.485,14329,13900,0,0,941,11385,35,115,42
2020-06-26,17491,1471,3926,32.269,16511,13990,6,55,2877,12316,36,164,42
2020-06-27,6927,1924,4379,3.048,3465,14500,0,0,1145,2153,36,108,42
2020-06-28,20080,1767,4228,48.768,18674,13400,20,52,3554,12050,38,161,43
2020-06-29,11025,338,2793,27.432,12616,13930,0,0,2478,10235,38,101,42
2020-06-30,14304,793,3254,30.921,15494,13800,1,20,3388,11983,38,170,42
2020-07-01,17490,1898,4358,111.078,14994,13970,34,77,2338,14355,37,177,42
2020-07-02,10426,469,2937,22.114,11935,14180,0,0,3337,10838,36,111,42
2020-07-03,25885,2843,5304,64.033,23043,13960,32,111,2158,16123,35,171,42
2020-07-04,15793,2024,4471,160.825,13373,14870,16,82,676,9743,35,182,42
2020-07-05,13461,1604,4064,140.87,10866,14720,36,67,1344,8633,35,156,41
2020-07-06,11639,663,3112,37.187,13323,13980,0,0,1489,10655,36,118,42
2020-07-07,13480,1055,3503,30.48,14291,13850,15,33,1505,13845,37,161,41
2020-07-08,9725,645,3098,18.939,8743,13900,8,48,1650,7702,36,156,41
2020-07-09,8653,639,3083,39.624,8006,13390,5,38,803,8362,35,154,40
2020-07-10,16713,1608,4046,36.716,15398,12320,26,30,3700,16666,34,146,40
2020-07-11,30653,2903,5347,134.978,22807,12630,84,82,2458,18902,34,157,40
2020-07-12,19218,1934,4372,120.857,17580,14630,22,61,1857,13795,35,161,39
2020-07-13,13143,567,3010,29.728,12129,15220,25,32,1474,10841,35,150,39
2020-07-14,13369,1039,3480,46.738,12476,14910,24,35,2194,9982,34,146,39
2020-07-15,14025,917,3359,53.926,12945,14430,23,39,962,13484,34,169,38
2020-07-16,12373,821,3261,54.864,11621,14140,5,41,1734,9383,35,159,39
2020-07-17,15085,607,3036,32.391,17268,13640,0,0,2322,13425,34,114,39
2020-07-18,18528,1826,4256,109.728,16635,14010,15,53,650,13086,35,164,39
2020-07-19,18750,2025,4463,157.589,17408,14540,12,54,3188,13159,35,152,39
2020-07-20,6297,266,2698,17.579,7195,15120,0,0,1168,6652,37,100,40
2020-07-21,14159,1091,3539,38.022,14265,14330,10,28,3914,10047,34,151,40
2020-07-22,15267,1319,3755,122.207,14771,14320,6,39,1879,10600,34,119,41
2020-07-23,11845,716,3152,29.628,10948,14370,10,41,1852,10015,33,149,41
2020-07-24,16753,1039,3475,28.017,16357,14030,19,38,937,13424,35,153,41
2020-07-25,14342,1688,4124,100.671,11721,14270,15,66,1482,9354,36,151,41
2020-07-26,13604,1591,4027,107.418,10946,14020,17,56,2341,6956,35,160,41
2020-07-27,13319,1307,3743,30.487,12658,13410,13,42,1571,12401,36,171,40
2020-07-28,17064,1152,3588,41.225,16534,13260,9,45,2873,14660,35,150,40
2020-07-29,13646,1160,3582,19.2,12730,13590,15,47,1334,11256,36,169,40
2020-07-30,10181,583,2997,24.557,10145,13510,6,39,2072,6069,37,170,41
2020-07-31,15596,1238,3648,33.528,15414,12840,11,41,649,13129,39,159,41
2020-08-01,6467,1108,3524,13.179,3562,13100,9,53,1155,3355,35,167,41
2020-08-02,8246,361,2775,23.444,9439,12150,0,0,851,7194,37,110,41
2020-08-03,15970,1062,3486,29.282,15099,11610,13,47,1762,14530,35,160,41
2020-08-04,14551,917,3339,36.576,14040,11960,12,44,1365,12453,35,157,41
2020-08-05,15645,1328,3742,53.565,14773,12380,3,52,1052,12690,36,154,41
2020-08-06,12342,667,3077,19.433,11852,12860,15,35,1793,10051,36,154,41
2020-08-07,19622,1201,3611,83.19,21665,12760,2,19,2517,14575,36,191,41
2020-08-08,11165,985,3398,249.168,13127,13650,39,20,1480,10342,35,157,41
2020-08-09,17132,1837,4250,60.96,14479,13600,6,79,2512,10391,35,155,41
2020-08-10,11167,909,3322,34.321,10345,13690,28,47,1900,8190,35,165,40
2020-08-11,12170,952,3365,39.624,11711,13460,12,33,1535,8438,36,155,40
2020-08-12,12289,990,3400,40.309,11604,13110,54,42,1506,7697,36,157,40
2020-08-13,16792,959,3363,35.832,17107,12860,14,38,3031,14830,35,158,40
2020-08-14,15438,1005,3414,54.864,15546,13290,9,34,1012,11559,37,143,40
2020-08-15,17496,972,3385,70.104,14768,13750,19,0,1417,11192,35,110,40
2020-08-16,10909,597,3006,28.073,12488,13960,0,0,3387,11754,44,107,41
2020-08-17,12190,734,3145,25.374,11414,13820,18,28,1732,8153,37,158,42
2020-08-18,16310,1291,3695,44.767,16105,13340,25,31,1219,11834,44,157,43
2020-08-19,14752,1224,3626,33.528,14623,13620,17,38,2253,12134,38,173,43
2020-08-20,15768,1185,3585,21.571,15863,13820,8,43,3099,13563,35,165,43
2020-08-21,20876,1740,4138,52.359,20363,14230,11,49,2254,13249,45,159,43
2020-08-22,18149,2143,4559,30.48,14133,15460,26,74,990,12729,47,167,45
2020-08-23,15894,1542,3964,135.015,14323,15330,27,42,1694,12286,42,156,44
2020-08-24,14320,1092,3505,25.275,13503,15130,28,25,3378,13467,43,159,46
2020-08-25,12888,1167,3571,21.336,12011,14810,20,36,1768,10872,35,159,44
2020-08-26,18146,1406,3799,42.672,17943,14250,4,47,2440,15368,42,161,45
2020-08-27,14420,820,3209,40.248,13718,14620,9,44,935,13516,38,160,45
2020-08-28,13091,881,3279,33.528,12737,14530,12,40,1976,9710,42,173,45
2020-08-29,19526,1883,4280,135.065,18491,14180,17,52,2721,15622,36,160,44
2020-08-30,8698,606,3003,44.368,9853,14620,2,9,4622,7869,38,156,44
2020-08-31,16355,826,3222,33.654,15961,14150,13,33,2076,13629,37,173,43
2020-09-01,10356,813,3215,22.189,9732,14340,11,38,2842,6596,42,155,44
2020-09-02,14564,893,3292,46.676,14055,13880,10,42,1563,12922,48,171,44
2020-09-03,14558,792,3188,24.575,14395,13900,26,22,1694,12505,46,155,46
2020-09-04,19090,1199,3595,24.986,18953,14020,4,48,1513,13568,38,162,46
2020-09-05,22546,2063,4452,98.26,22097,15030,15,58,1720,15385,50,124,48
2020-09-06,15406,876,3273,140.208,17625,16450,53,0,3783,11154,44,117,49
2020-09-07,18886,1685,4081,141.069,18804,16690,39,41,1511,12829,41,157,50
2020-09-08,10629,475,2871,19.89,12167,17120,0,0,1429,9267,39,110,49
2020-09-09,13898,1023,3422,28.254,12883,16630,11,48,2029,9100,38,174,49
2020-09-10,11062,924,3322,13.194,10258,15880,14,37,2323,6820,45,178,48
2020-09-11,14728,1220,3618,31.323,14809,14760,4,43,885,11293,47,148,48
2020-09-12,22850,2042,4440,299.167,23034,14780,107,56,2061,16551,42,164,48
2020-09-13,17079,1682,4071,117.866,16186,16430,8,63,756,12055,38,168,48
2020-09-14,12258,604,2989,38.815,14011,16410,0,0,2314,10440,46,111,49
2020-09-15,11531,696,3090,25.245,10437,15930,7,44,1194,8789,46,158,50
2020-09-16,12240,1131,3525,29.472,11463,14840,8,42,1293,10522,37,169,50
2020-09-17,5986,282,2676,12.192,6852,14190,0,0,440,6323,44,113,49
2020-09-18,15587,1112,3504,38.628,15225,12730,5,42,1316,10919,36,149,48
2020-09-19,13476,1623,4030,76.609,10545,12980,9,70,369,9443,40,170,48
2020-09-20,4428,244,2646,11.4,5034,12740,0,0,3241,5078,39,106,48
2020-09-21,11487,1271,3659,28.171,10473,11200,11,38,2574,7531,37,168,46
2020-09-22,14332,897,3286,47.981,13816,11100,11,37,1835,8699,42,159,46
2020-09-23,8496,561,2947,7.761,7108,11380,8,37,1301,5864,50,172,47
2020-09-24,13304,1011,3403,25.679,12594,10960,8,39,3011,8360,39,164,47
2020-09-25,11251,965,3367,37.409,10549,11130,13,32,1443,8320,38,146,47
2020-09-26,11794,1369,3769,111.715,9919,11080,37,81,1313,7211,39,173,46
2020-09-27,17925,2713,5113,93.469,10667,10850,67,161,2297,5938,44,182,46
2020-09-28,11288,544,2944,50.256,12900,10820,0,0,1835,10873,40,108,47
2020-09-29,15269,998,3391,21.336,14200,11030,11,51,1681,10749,39,157,46
2020-09-30,8890,581,2973,19.521,7595,11670,20,50,120,6507,52,165,46
2020-10-01,12546,535,2927,31.374,11894,11270,1,54,536,10067,45,177,47
2020-10-02,6894,346,2738,37.372,7892,11450,0,0,863,8313,48,110,48
2020-10-03,15244,870,3262,79.757,14771,11100,106,40,729,9281,48,171,50
2020-10-04,4677,218,2610,13.486,5242,11470,0,0,783,5541,42,102,50
2020-10-05,14882,702,3105,59.73,13870,10850,9,43,2435,9791,49,166,51
2020-10-06,13513,752,3141,30.48,12910,11160,12,52,1106,10412,46,182,52
2020-10-07,15238,1091,3480,21.91,13715,11510,11,66,3163,10743,38,182,51
2020-10-08,10890,568,2950,64.753,12466,11960,0,0,2963,8309,43,116,50
2020-10-09,11020,578,2960,48.768,12579,12070,0,0,1407,10376,39,112,49
2020-10-10,24849,2357,4739,116.689,25299,12180,28,49,4299,19182,37,167,47
2020-10-11,12638,1485,3881,86.692,11183,14180,32,55,1883,8928,38,153,46
2020-10-12,9998,489,2885,30.522,11385,13880,0,0,1899,9795,47,110,46
2020-10-13,13980,1180,3573,27.432,12597,13390,11,59,903,12293,38,161,45
2020-10-14,9828,511,2904,28.523,11250,13240,0,0,553,9603,44,116,46
2020-10-15,12179,596,2989,45.72,13941,12850,0,0,1144,11519,39,112,46
2020-10-16,7326,380,2773,34.748,8377,12960,0,0,1159,7997,44,103,47
2020-10-17,11797,1597,3986,26.469,9954,12510,22,47,1291,7850,42,116,48
2020-10-18,11608,1600,3989,109.728,9503,12000,27,47,1665,7202,43,157,49
2020-10-19,12330,586,2975,37.544,11913,11500,61,36,1126,8848,44,166,49
2020-10-20,14477,1110,3502,75.394,14010,11550,3,50,1798,11449,45,184,50
2020-10-21,8864,569,2961,27.432,6937,12050,43,51,1655,3584,83,156,NA
2020-10-22,9848,652,3037,25.312,9053,11540,62,39,1409,5212,48,167,51
2020-10-23,13605,647,3039,64.315,15573,11050,0,0,557,11018,42,111,51
2020-10-24,0,0,2392,0,0,11510,0,0,0,0,NA,NA,NA
2020-10-25,8951,1513,3906,93.218,7656,11510,11,65,1396,5232,61,189,54
2020-10-26,11283,894,3287,44.851,10148,11130,7,42,824,5815,42,168,53
2020-10-27,6478,249,2636,24.384,7415,10940,15,0,1280,5010,55,101,56
2020-10-28,10968,617,3004,44.468,9821,10240,100,41,1006,4952,77,157,NA
2020-10-29,13645,1126,3512,40.176,15619,10160,13,0,3748,16589,44,113,55
2020-10-30,16418,913,3299,73.152,18794,10710,0,0,3877,10467,48,119,56
2020-10-31,10145,1286,3672,105.112,8882,12330,127,43,1111,5573,75,176,NA
2020-11-01,17152,1859,4344,141.872,15675,11990,52,59,1826,10979,43,172,53
2020-11-02,9584,357,2743,24.384,10936,12360,99,0,745,6610,38,102,52
2020-11-03,10219,382,2768,47.139,11698,12220,90,0,1377,5304,NA,NA,NA
2020-11-04,0,0,2386,0,0,12120,0,0,0,0,NA,NA,NA
2020-11-05,10138,615,3020,23.04,9108,12120,101,36,737,5484,75,160,NA
2020-11-06,9680,369,2774,32.299,11067,11520,90,0,1370,6056,NA,NA,NA
2020-11-07,11238,700,3105,34.141,10218,11430,82,46,2224,3854,96,175,NA
2020-11-08,6187,235,2640,31.696,7070,11190,45,0,2456,2392,73,96,NA
2020-11-09,0,0,2405,0,0,10370,0,0,0,0,NA,NA,NA
2020-11-10,8409,320,2725,12.192,9626,10370,109,0,1616,5765,NA,NA,NA
2020-11-11,7012,423,2828,41.081,8176,10230,31,0,1371,5900,60,111,NA
2020-11-12,11886,976,3386,40.162,11477,9820,90,40,930,6914,62,151,70
2020-11-13,6826,264,2674,43.525,7785,9990,52,0,779,2966,NA,NA,NA
2020-11-14,14148,1828,4238,99.126,12253,9770,139,31,814,8817,54,152,66
2020-11-15,13175,1416,3826,125.799,11353,10020,88,58,581,6969,42,153,61
2020-11-16,9810,434,2844,17.133,10983,10290,138,0,1234,5627,38,111,58
2020-11-17,12169,968,3378,31.548,11158,10430,17,49,1967,9132,40,165,56
2020-11-18,16554,1050,3463,31.094,15800,10580,172,50,1449,8245,58,160,58
2020-11-19,12253,766,3182,35.191,11842,11630,116,39,3002,6040,67,159,56
2020-11-20,6896,266,2682,25.357,7886,11680,69,0,689,3784,NA,NA,NA
2020-11-21,105,4,2420,0,120,11300,0,0,120,240,NA,NA,NA
2020-11-22,6272,241,2657,30.74,7179,11300,79,0,1321,4040,NA,NA,NA
2020-11-23,9595,430,2849,38.099,10962,10480,88,0,1761,5214,48,108,60
2020-11-24,12081,587,3006,28.41,11186,10530,80,37,657,7113,90,162,NA
2020-11-25,16222,974,3394,62.788,15590,10670,10,46,3064,12463,41,153,57
2020-11-26,1836,94,2514,0,2026,11660,0,0,1150,1064,36,110,50
2020-11-27,26,1,2421,0,30,10700,0,0,30,15,38,68,49
2020-11-28,13,0,2420,0,15,10700,0,0,0,15,NA,NA,NA
2020-11-29,19955,1690,4110,145.341,20532,10700,181,41,1500,15441,46,161,49
2020-11-30,0,0,2420,0,0,11690,0,0,0,0,40,89,47
2020-12-01,14260,860,3282,47.301,13984,11690,105,49,1702,9938,49,154,48
2020-12-02,14702,1015,3423,15.688,13917,12150,136,31,2916,8710,56,144,49
2020-12-03,9168,578,3000,18.288,10495,12510,0,0,3967,11602,39,106,50
2020-12-04,16278,853,3275,55.941,16132,12310,126,44,3731,6828,74,161,NA
2020-12-05,13851,900,3322,12.714,13228,12700,65,38,1703,11665,51,169,53
2020-12-06,12387,1076,3498,27.983,11630,12810,35,49,3761,8386,40,174,52
2020-12-07,15109,585,3007,42.834,17278,12700,207,0,1810,7004,NA,NA,NA
2020-12-08,12987,943,3365,24.995,12062,12810,82,40,132,2556,60,115,54
2020-12-09,10941,424,2846,16.514,12515,12740,119,0,536,5891,NA,NA,NA
2020-12-10,10651,600,3031,28.567,9688,12700,109,39,622,4929,75,156,NA
2020-12-11,13742,1021,3436,37.219,13230,12100,77,40,1256,11593,54,167,57
2020-12-12,18227,1125,3540,85.801,21422,12220,0,0,2992,15836,44,111,56
2020-12-13,5070,584,3015,14.192,3145,14060,12,40,459,2776,50,171,57
2020-12-14,10661,427,2858,36.988,12134,12970,136,0,707,6465,55,91,58
2020-12-15,10768,422,2853,34.948,12306,12810,114,0,906,6916,NA,NA,NA
2020-12-16,11389,448,2879,45.72,12996,12710,114,0,1585,5494,NA,NA,NA
2020-12-17,38,1,2432,0,43,12740,0,0,60,0,NA,NA,NA
2020-12-18,0,0,2431,0,0,12740,0,0,0,0,NA,NA,NA
2020-12-19,0,0,2431,0,0,12740,0,0,0,0,NA,NA,NA
2020-12-20,0,0,2431,0,0,12740,0,0,0,0,NA,NA,NA
2020-12-21,0,0,2431,0,0,12740,0,0,0,0,NA,NA,NA
2020-12-22,11559,451,2882,47.761,13231,12740,147,0,490,7887,NA,NA,NA
2020-12-23,8953,723,3144,292.608,10859,12840,46,0,1211,11412,46,120,57
2020-12-24,4693,363,2784,48.768,5372,12650,0,0,1503,3966,56,115,55
2020-12-25,10694,990,3411,267.347,13135,11200,42,1,605,11159,39,129,52
2020-12-26,2277,88,2509,21.722,2607,11400,16,0,201,1261,39,76,52
2020-12-27,29,1,2422,0,33,10520,0,0,30,0,NA,NA,NA
2020-12-28,7895,307,2728,58.425,9037,10520,47,0,2083,3001,69,96,NA
2020-12-29,5775,421,2842,40.94,6583,10230,0,0,900,6569,41,120,51
2020-12-30,7549,407,2828,35.747,8641,9500,0,0,1465,4440,39,116,49
2020-12-31,0,0,2421,0,0,9330,0,0,0,0,NA,NA,NA
2021-01-01,10319,588,3003,93.247,12423,9330,0,0,106,8288,44,117,49
2021-01-02,2804,156,2571,7.261,3210,9640,0,0,362,2267,37,110,47
2021-01-03,8960,518,2933,33.528,10554,9000,85,0,1653,6537,39,121,47
2021-01-04,13172,1107,3522,27.432,12431,9160,7,40,1266,10398,35,170,47
2021-01-05,14298,1179,3620,33.979,13904,9820,12,45,1547,9608,39,165,48
2021-01-06,13946,1544,3975,14.13,12268,10640,4,69,1324,12078,42,173,48
2021-01-07,13697,972,3435,40.992,13241,10970,3,42,2828,8042,46,170,49
2021-01-08,2345,901,3331,0,487,11430,0,0,246,306,42,96,49
2021-01-09,12879,587,3023,94.781,14989,11430,0,0,826,10482,41,97,49
2021-01-10,8900,448,2866,38.772000000000006,10520,12150,14,0,2449,5760,36,112,48
2021-01-11,18022,1125,3550,74.004,18067,11990,17,34,2475,13481,37,162,48
2021-01-12,11448,893,3313,21.801,9185,12600,92,65,428,5707,38,168,47
2021-01-13,16138,1271,3689,12.365,14729,12260,11,67,1571,13504,61,167,47
2021-01-14,17576,1470,3883,129.587,18732,12510,52,41,1851,15516,43,181,47
2021-01-15,14664,823,3238,24.384,14732,13760,142,35,821,8115,39,161,46
2021-01-16,5521,320,2735,39.624,6311,13960,13,0,12,3857,54,103,NA
2021-01-17,7831,398,2813,41.781,8844,13200,68,0,970,4517,76,117,NA
2021-01-18,5160,197,2605,17.448,5906,12330,61,0,396,3333,38,80,47
2021-01-19,10191,848,3255,21.336,9258,11050,9,35,1205,7064,35,167,46
2021-01-20,16305,1087,3497,54.864,14461,10700,67,76,853,9341,36,175,44
2021-01-21,13753,1120,3524,21.339,13488,11080,5,40,1646,8794,40,171,43
2021-01-22,10761,640,3047,24.384,10016,11570,5,33,1255,5213,37,160,43
2021-01-23,6163,234,2649,3.365,6887,11420,20,0,1974,3109,37,94,43
2021-01-24,10174,427,2832,12.998,11604,10520,0,0,3345,13108,36,100,42
2021-01-25,10442,640,3094,67.056,11953,10630,0,0,1321,10922,36,128,42
2021-01-26,19534,1154,3559,60.96,19200,10900,99,38,1704,13113,34,166,41
2021-01-27,13801,708,3112,41.65,12745,12560,20,36,1707,10532,34,168,41
2021-01-28,16324,715,3111,27.832,14441,12600,15,51,2020,10089,37,170,40
2021-01-29,14618,864,3273,38.083,14586,12970,6,32,2801,11842,37,113,40
2021-01-30,8965,367,2772,21.531,10262,13300,0,0,345,5608,36,113,40
2021-01-31,11318,508,2913,29.697,13078,13000,22,0,2536,8563,42,112,40
2021-02-01,12834,1073,3472,22.042,11663,13010,3,44,1598,8562,42,170,41
2021-02-02,9461,838,3231,15.291,9170,12880,12,42,1675,5626,36,166,41
2021-02-03,11605,707,3107,12.192,10900,12140,14,33,2208,7977,35,161,41
2021-02-04,10657,809,3205,23.089,9876,11910,3,39,538,8787,35,158,41
2021-02-05,11162,726,3122,20.497,10117,11510,3,39,1475,9231,36,119,40
2021-02-06,6315,305,2701,13.092,7201,11240,0,0,1417,4032,42,100,41
2021-02-07,5320,142,2538,15.24,6067,10440,0,0,0,0,NA,NA,41
2021-02-08,8659,691,3089,10.192,6965,9570,40,45,77,4598,67,163,41
2021-02-09,13694,958,3367,25.573,12227,9050,9,56,2744,5942,41,174,42
2021-02-10,13184,804,3190,12.577,12892,9370,5,38,1049,10061,42,155,43
2021-02-11,10842,439,2826,26.575,9804,10080,5,44,985,7445,42,189,44
2021-02-12,9623,735,3121,12.192,8535,10060,7,40,1564,8445,37,163,44
2021-02-13,6909,290,2688,42.672,7872,9760,0,0,269,2728,50,100,45
2021-02-14,2913,139,2537,6.096,3270,9390,0,0,554,411,NA,NA,NA
2021-02-15,11855,678,3074,5.025,11108,8170,43,40,1538,10015,40,164,45
2021-02-16,8561,359,2755,46.794,9800,8470,0,0,2131,7358,38,99,44
2021-02-17,15724,969,3358,36.576,13603,8740,119,70,2021,7441,33,177,43
2021-02-18,11869,1036,3422,18.854,11468,9720,19,23,1534,10416,36,154,42
2021-02-19,15267,1085,3471,24.748,15383,10070,110,30,1530,9216,36,106,42
2021-02-20,2030,87,2487,2.429,2324,11140,0,0,120,1695,42,86,41
2021-02-21,7082,256,2656,28.843,8107,10260,0,0,596,4287,36,101,41
2021-02-22,10343,617,3004,18.288,9529,9830,5,41,1220,5196,40,176,41
2021-02-23,10058,674,2513,32.343,9200,9770,10,43,1432,4880,37,160,41
2021-02-24,2500,821,3210,0,0,9770,0,0,0,0,NA,NA,NA
2021-02-25,17259,1203,3599,30.775,17199,9770,7,45,1726,13758,46,163,43
2021-02-26,15269,1256,3642,25.227,14653,10520,1,43,1894,11174,38,168,43
2021-02-27,7131,419,2805,181.347,8643,11350,26,0,330,6121,39,109,43
2021-02-28,5747,220,2606,10.51,6540,11080,66,0,538,2721,38,70,NA
2021-03-01,12417,466,2853,12.192,14207,10180,153,0,2433,7305,39,87,43
2021-03-02,10938,686,3082,29.803,10359,10590,6,35,1116,8294,34,173,43
2021-03-03,12111,852,3233,13.433,10385,10570,95,54,1358,4300,58,168,45
2021-03-04,10854,600,2983,43.694,12425,10540,0,0,2237,9711,38,110,44
2021-03-05,13241,1070,3452,21.477,12991,10730,13,41,3149,12431,37,167,44
2021-03-06,45,1,2383,0,51,11190,0,0,55,0,39,65,44
2021-03-07,9868,372,2754,8.286,11276,11190,125,0,414,5931,NA,NA,NA
2021-03-08,13034,948,3340,22.745,11900,11210,26,49,1215,10238,40,167,44
2021-03-09,13973,938,3324,41.032,12167,11350,33,62,1209,8853,35,166,45
2021-03-10,11122,784,3159,32.795,9467,11520,20,53,1119,7582,36,164,43
2021-03-11,12082,934,3315,40.258,11579,11320,18,34,2585,8048,47,157,44
2021-03-12,15633,1230,3610,52.274,14816,11350,12,49,1803,11136,38,200,45
2021-03-13,15263,1034,3425,313.944,18437,12050,60,0,2251,12536,42,123,46
2021-03-14,0,0,2391,0,0,13330,0,0,0,0,NA,NA,NA
2021-03-15,11903,702,3093,45.72,12045,13330,13,15,1110,6216,40,157,45
2021-03-16,14043,1004,3395,34.237,13893,13370,20,27,1105,8745,38,149,45
2021-03-17,10709,477,2868,23.255,9341,13480,3,51,1723,7150,36,157,45
2021-03-18,12504,1031,3417,22.718,11034,13070,7,52,781,11749,47,176,44
2021-03-19,13311,827,3221,37.854,12874,12670,10,37,1561,10513,48,166,45
2021-03-20,10761,540,2933,59.92,12318,12690,0,0,2618,6420,40,116,45
2021-03-21,6092,225,2618,13.972,6973,12660,0,0,1404,5687,35,101,44
2021-03-22,16895,1442,3830,41.241,18973,11530,20,51,4006,13644,42,169,44
2021-03-23,12845,752,3138,49.939,12544,12280,18,35,1830,10056,36,163,44
2021-03-24,16147,873,3265,51.826,15299,12340,33,29,2231,9347,37,149,44
2021-03-25,9633,736,3124,36.576,8569,12940,3,41,2162,4407,41,159,43
2021-03-26,9096,898,3283,18.288,10015,12510,15,40,1897,7484,36,161,42
2021-03-27,2322,401,2786,0,2658,12020,0,0,1036,1460,68,124,43
2021-03-28,2937,138,2523,8.325,3362,10150,0,0,318,3439,47,102,44
2021-03-29,10601,936,3315,59.29,9903,8800,70,32,1453,5249,36,173,44
2021-03-30,11018,798,3185,22.427,10326,8910,4,39,3603,7859,46,153,45
2021-03-31,18277,1851,4239,41.274,16706,9200,47,88,2688,13212,37,162,45
2021-04-01,13382,779,3165,21.336,12511,10710,84,36,1869,8727,49,144,46
2021-04-02,9578,361,2747,35.175,10964,11070,120,0,120,7447,NA,NA,NA
2021-04-03,13725,1322,3710,4.302,12608,11060,17,41,995,11519,39,152,46
2021-04-04,14139,727,3115,0,14695,11220,8,24,870,14972,36,165,45
2021-04-05,7056,288,2676,25.881,8077,11920,0,0,765,4787,38,112,45
2021-04-06,12276,788,3167,29.125,10191,11540,15,61,1096,7691,45,174,45
2021-04-07,9959,907,3286,47.846,10958,11270,8,41,2002,8267,46,152,47
2021-04-08,13193,1346,3737,43.007,11659,11210,17,59,1997,8987,49,172,47
2021-04-09,13062,1160,3541,52.044,14471,11260,35,35,1756,12078,49,147,48
2021-04-10,3330,224,2623,3.048,3806,11910,0,0,849,4085,41,109,48
2021-04-11,12817,623,3039,160.449,15129,11100,0,0,1857,11391,37,107,48
2021-04-12,14400,1012,3411,36.577,12496,11510,9,65,1930,12388,35,162,47
2021-04-13,13113,1288,3687,33.528,11299,11840,11,61,1441,9158,51,176,49
2021-04-14,12125,1300,3677,34.276,9761,11820,2,74,1308,10818,44,173,49
2021-04-15,15771,1081,3473,51.144,14528,11440,91,58,1133,9966,41,171,48
2021-04-16,13843,1038,3419,47.418,13542,11750,13,37,1737,12223,48,157,49
2021-04-17,6912,279,2671,8.422,7899,12110,0,0,1960,5485,40,101,49
2021-04-18,17209,1839,4236,85.344,15226,11690,36,40,2356,12380,40,142,51
2021-04-19,15631,832,3228,68.571,14648,12050,23,40,1262,11834,37,180,50
2021-04-20,13124,938,3331,44.593,11456,12680,6,58,1576,9656,34,174,48
2021-04-21,15374,1323,3708,49.774,14495,12560,7,52,1068,11507,46,180,48
2021-04-22,14246,1057,3438,13.257,13219,12760,13,55,1553,14290,42,173,49
2021-04-23,16376,1262,3651,36.576,18242,12870,21,48,2218,12784,44,147,47
2021-04-24,14086,983,3372,353.818,17436,13970,73,1,1882,14098,40,125,46
2021-04-25,12986,1192,3581,51.828,11575,14670,75,43,3758,4616,35,143,46
2021-04-26,15478,1272,3661,32.699,14370,14360,23,61,1216,12088,37,159,46
2021-04-27,12898,1090,3479,62.124,14312,14370,22,32,2667,11114,46,164,48
2021-04-28,13138,920,3309,33.528,11970,14430,43,52,2520,13168,49,167,48
2021-04-29,13212,1410,3802,37.065,15053,14190,33,27,2194,16061,37,170,47
2021-04-30,24879,1950,4342,32.353,21851,14280,4,57,2000,14839,43,168,47
2021-05-01,1813,114,2506,3.418,2075,15800,0,0,45,2114,42,116,48
2021-05-02,11970,1104,3496,51.155,10854,14430,30,24,1024,6047,40,153,48
2021-05-03,11548,752,3161,41.318,10139,13720,9,49,963,9114,38,169,49
2021-05-04,12335,1322,3705,46.07,13647,13230,22,48,1862,12179,41,152,48
2021-05-05,12872,949,3332,16.739,11628,13280,41,54,1622,8935,49,163,48
2021-05-06,16594,1358,3743,38.397,18504,13120,41,42,2517,13550,46,148,49
2021-05-07,16554,1187,3583,42.672,15856,13660,6,51,1076,11305,47,160,49
2021-05-08,12949,497,2893,32.484,14823,14100,0,0,2996,9889,38,110,48
2021-05-09,9490,1119,3517,39.995,8399,14250,7,32,2573,5717,42,118,48
2021-05-10,13914,767,3167,44.236,11669,13670,20,53,2254,10684,35,166,47
2021-05-11,13373,1033,3421,23.643,14867,13270,40,22,2351,13078,40,145,47
2021-05-12,11639,1028,3427,9.271,9595,13430,9,61,1511,8474,47,167,47
2021-05-13,11496,973,3369,25.692,12627,13050,34,27,2373,10723,40,148,46
2021-05-14,20072,1114,3505,32.002,19836,12970,157,49,976,15552,36,152,44
2021-05-15,17311,1602,4015,36.843,15747,13660,28,46,1077,10877,43,152,44
2021-05-16,10631,386,2799,36.878,12169,14080,0,0,1912,7571,42,104,45
2021-05-17,10244,506,2919,40.259,11704,13890,0,0,2238,11219,43,109,47
2021-05-18,16650,1461,3847,64.008,18658,13460,35,28,1581,14588,36,142,47
2021-05-19,17209,1157,3543,43.527,16553,13980,16,40,1744,12848,41,151,46
2021-05-20,2947,477,2881,3.048,3373,14560,36,9,476,2967,36,157,46
2021-05-21,13096,1078,3482,47.399,14977,13450,123,48,788,8798,42,153,47
2021-05-22,7554,366,2770,20.7,8647,13610,0,0,266,4249,41,119,47
2021-05-23,11531,1464,3871,123.253,10123,13120,28,37,1342,6585,39,160,46
2021-05-24,12800,518,2925,28.692,14644,12520,141,0,577,9634,39,93,46
2021-05-25,14540,1420,3830,34.099,16630,12740,68,35,3822,12929,51,153,48
2021-05-26,13475,1064,3474,41.156,12006,13520,17,64,1437,7600,37,169,48
2021-05-27,7106,739,3149,18.605,8050,13400,60,0,895,3989,NA,NA,NA
2021-05-28,13256,1391,3796,23.508,10874,12330,4,69,1600,10975,43,166,49
2021-05-29,17997,682,3087,25.25,20584,12040,0,0,3903,12724,36,107,49
2021-05-30,3235,588,2993,6.096,3656,12900,19,32,803,2908,64,158,51
2021-05-31,3016,98,2464,2.23,3446,11980,0,0,797,1632,42,100,52
2021-06-01,8385,1079,3478,38.929,9598,11980,0,0,1275,8141,49,121,51
2021-06-02,11682,750,3155,44.181,10128,11510,8,56,1503,8056,47,168,52
2021-06-03,12556,1055,3469,33.528,14312,11240,17,31,1510,12923,38,148,51
2021-06-04,9853,380,2794,17.384,11279,11550,25,0,835,8052,36,106,50
2021-06-05,0,0,2414,0,0,11530,0,0,0,0,NA,NA,NA
2021-06-06,4765,718,3147,11.542,5424,11530,37,36,705,5058,64,155,51
2021-06-07,12997,1100,3525,34.285,11718,10320,4,54,4841,8236,48,163,51
2021-06-08,6992,392,2817,23.23,8004,10510,0,0,948,7048,45,109,50
2021-06-09,13151,1051,3466,27.596,11828,10260,23,66,966,8225,51,170,51
2021-06-10,6861,265,2680,16.144,7854,10500,60,0,685,3999,66,66,NA
2021-06-11,23513,1846,4254,100.894,24522,10240,38,54,2698,16052,50,177,56
2021-06-12,5218,267,2677,28.334,5973,11670,0,0,2250,3572,42,118,54
2021-06-13,9430,1741,4155,10.211,6507,11100,50,45,415,5218,40,145,53
2021-06-14,2743,838,3252,0,0,10190,0,0,0,0,56,99,54
2021-06-15,16679,1749,4163,34.609,18640,10190,13,56,3645,16108,49,159,55
2021-06-16,21019,1514,3927,45.72,20583,11040,220,69,3036,9696,85,161,NA
2021-06-17,22764,1326,3722,24.384,26058,12950,0,0,2699,19834,53,122,56
2021-06-18,15756,1474,3872,36.576,17581,14950,11,45,1623,15567,49,150,55
2021-06-19,10469,1484,3908,110.475,8675,15480,25,54,2319,5905,44,165,58
2021-06-20,21107,1118,3527,10.286,11862,14800,18,28,1841,8321,48,149,60
2021-06-21,17490,1892,4313,43.486,16652,14230,7,75,4893,12565,40,176,58
2021-06-22,12483,1311,3726,32.637,13813,14480,12,45,3537,11490,47,147,57
2021-06-23,33,0,2400,0,38,14430,0,0,75,0,42,72,55
2021-06-24,13332,1166,3571,30.48,15212,14430,16,21,1897,12620,46,149,54
2021-06-25,14844,850,3255,46.38,16992,14520,0,0,3319,10463,52,116,55
2021-06-26,24077,2151,4556,112.09,24128,15020,47,56,3581,14307,48,160,53
2021-06-27,4538,934,3348,12.656,2449,16850,54,20,149,2927,52,136,53
2021-06-28,0,0,1575,0,0,15410,0,0,0,0,NA,NA,NA
2021-06-29,11959,537,2922,65.731,13574,15410,0,0,545,10504,44,110,53
2021-06-30,14738,1029,3432,56.704,12905,15050,124,68,751,8317,56,161,55
2021-07-01,15489,1149,3549,61.299,17151,14630,41,14,2518,12358,38,132,54
2021-07-02,15449,1075,3473,16.243,14833,14890,21,44,2151,15005,50,162,54
2021-07-03,16698,2057,4471,42.743,13011,14890,34,85,1455,9701,42,167,53
2021-07-04,7884,353,2750,32.069,8975,14520,0,0,3285,6050,37,107,51
2021-07-05,10163,616,3013,36.601,11617,13420,29,0,515,12439,35,120,50
2021-07-06,13087,880,3277,31.164,14499,13060,155,18,2524,9771,88,141,NA
2021-07-07,14365,885,3282,25.115,16444,13210,0,0,1870,14880,40,127,49
2021-07-08,15585,1801,4211,18.288,14109,13860,129,90,2020,8892,60,195,50
2021-07-09,7091,291,2701,27.723,8117,13910,0,0,370,6534,41,104,49
2021-07-10,21917,2213,4626,148.42,22886,13330,123,44,1707,16543,51,154,50
2021-07-11,5236,206,2619,6.096,5949,14290,53,0,890,1736,NA,NA,NA
2021-07-12,17771,1620,4033,58.207,16647,13460,5,58,2781,16335,50,169,53
2021-07-13,12015,652,3065,25.254,13718,13780,0,0,3122,12858,44,107,53
2021-07-14,10956,577,2990,24.751,12541,13780,0,0,1974,13498,40,111,52
2021-07-15,11743,1437,3839,34.687,13390,13540,18,50,378,10597,35,147,50
2021-07-16,9452,348,2750,27.976,10820,13510,31,0,391,5374,40,105,50
2021-07-17,13053,1961,4363,21.336,11998,13540,16,61,2189,8925,56,167,50
2021-07-18,0,0,2128,0,0,13240,0,0,0,0,NA,NA,NA
2021-07-19,11393,556,2958,23.137,12938,13240,59,0,1719,14285,51,112,51
2021-07-20,10406,555,2957,27.59,11896,13180,0,0,1118,7589,51,117,52
2021-07-21,11187,703,3105,21.336,12806,12930,0,0,757,10997,50,114,53
2021-07-22,24130,1732,4141,140.753,26286,12910,81,38,2631,17502,45,154,56
2021-07-23,12403,513,2922,37.134,14198,14250,0,0,109,7573,47,118,55
2021-07-24,13714,1790,4205,99.467,11690,14250,28,79,1235,9559,40,160,54
2021-07-25,2415,204,2596,0,2737,13820,0,0,996,3175,35,115,52
2021-07-26,4389,830,3222,0,3021,11610,17,41,430,3504,48,182,51
2021-07-27,7616,1098,3490,8.029,6380,9900,26,59,957,5484,44,176,50
2021-07-28,4807,575,2967,15.24,5503,9200,0,0,247,5841,51,137,50
2021-07-29,12631,736,3154,24.384,14437,8460,0,0,2096,14045,45,118,49
2021-07-30,12390,815,3233,42.7,14183,9060,0,0,419,11079,46,125,49
2021-07-31,5676,733,3151,9.144,6478,10090,17,7,833,5832,46,136,50
2021-08-01,2317,1,2419,0,35,9730,0,0,0,60,36,58,50
2021-08-02,9550,934,3366,32.204,10932,9730,23,30,1673,10244,44,143,50
2021-08-03,12719,1002,3432,15.24,10523,9850,14,60,1516,10821,40,172,49
2021-08-04,10228,1138,3560,6.766,11663,9990,42,3,1867,13589,44,127,49
2021-08-05,12215,1132,3557,10.434,9949,10330,7,73,3502,11177,46,168,49
2021-08-06,13024,1745,4171,21.336,12941,10300,40,19,3329,10222,42,154,48
2021-08-07,9284,1523,3956,6.861000000000001,6890,10570,49,17,1773,5776,38,134,48
2021-08-08,8267,1197,3630,6.912,6380,10210,22,40,1110,5550,36,154,48
2021-08-09,13416,1215,3641,24.432,15326,9450,107,27,2034,12742,35,147,46
2021-08-10,13604,897,3324,46.493,12692,10040,126,44,740,7355,48,176,47
2021-08-11,12272,1218,3645,25.768,14048,10590,18,37,1477,17570,43,144,47
2021-08-12,13746,1283,3707,21.336,11279,11290,7,67,1652,12027,46,165,48
2021-08-13,16573,1092,3516,16.857,18539,11290,183,27,2137,10214,60,142,48
2021-08-14,17915,1878,4315,129.033,17339,12040,37,51,574,14077,42,151,48
2021-08-15,14439,1454,3881,146.609,12999,13100,130,34,1353,6971,64,148,50
2021-08-16,10466,877,3304,24.608,11411,13090,130,41,2507,8646,82,143,NA
2021-08-17,10856,424,2855,30.534,12427,12760,121,0,942,6174,87,94,NA
2021-08-18,7354,290,2721,19.092,8402,12700,58,0,703,3499,NA,NA,NA
2021-08-19,7299,286,2717,32.714,8348,11840,58,0,1352,6305,NA,NA,NA
2021-08-20,15206,1855,4275,22.361,17364,11150,20,59,1743,15378,48,154,53
2021-08-21,9851,1795,4233,3.048,5418,11780,51,54,1011,6098,39,152,56
2021-08-22,11287,488,2926,8.332,12719,11150,192,0,3517,13296,36,128,50
2021-08-23,12240,959,3396,44.033,14011,11310,93,0,2671,5456,NA,NA,NA
2021-08-24,10002,1134,3571,30.58,9479,11850,13,28,1603,6886,43,147,49
2021-08-25,15956,1512,3949,43.219,18176,11620,19,42,5531,11827,41,158,48
2021-08-26,13318,614,3051,36.576,12761,12340,110,44,2045,7856,37,157,47
2021-08-27,11830,898,3335,5.129,13496,12430,104,19,1638,7500,51,136,46
2021-08-28,15602,1937,4359,135.253,12392,12650,8,83,1311,9425,46,160,47
2021-08-29,3604,183,2608,7.133,4126,12630,0,0,837,3846,44,98,48
2021-08-30,240,485,2910,3.048,275,10930,0,0,51,179,74,103,49
2021-08-31,13979,1244,3679,41.079,13448,10930,19,31,1830,9859,55,162,51
2021-09-01,14711,1228,3665,22.109,16369,11190,17,34,2335,12939,38,159,51
2021-09-02,14219,1334,3754,21.548,13360,12230,16,65,1682,13038,45,179,53
2021-09-03,11889,1236,3668,21.336,13104,12460,75,62,2092,9326,37,144,52
2021-09-04,0,0,2432,0,0,12590,0,0,0,0,NA,NA,NA
2021-09-05,3264,245,2677,7.895,3736,12590,0,0,728,2724,48,122,53
2021-09-06,85,2,2439,0,97,11710,0,0,45,120,37,75,51
2021-09-07,9336,871,3308,24.384,10670,11710,39,17,2065,9038,47,163,50
2021-09-08,13065,1199,3643,17.57,11887,11510,12,18,2093,10348,45,164,50
2021-09-09,9867,861,3494,21.943,11288,11550,13,31,1667,10173,41,152,48
2021-09-10,19751,2051,4684,153.221,18898,11530,3,64,1258,12963,39,167,49
2021-09-11,8949,447,3080,9.144,10234,12270,0,0,1152,8594,45,105,49
2021-09-12,3719,147,2780,0,4257,12070,15,0,459,3754,51,90,NA
2021-09-13,11471,527,3160,26.462,13131,10510,90,0,350,7309,NA,NA,NA
2021-09-14,11804,1251,3680,33.528,13498,10780,10,42,1468,11899,46,142,49
2021-09-15,9444,376,2805,14.177,10727,11330,56,0,510,5513,34,89,48
2021-09-16,15958,1306,3736,36.817,18219,11270,135,53,883,11930,87,164,NA
2021-09-17,7702,301,2731,33.528,8803,11970,49,0,901,5099,NA,NA,NA
2021-09-18,10683,1383,3830,23.419,8856,11660,4,62,3407,5557,57,170,49
2021-09-19,9715,1118,3565,10.019,9370,11100,18,28,2156,6100,56,177,51
2021-09-20,14735,1240,3684,44.763,12849,10760,1,16,1922,9357,45,174,52
2021-09-21,14973,1808,4237,34.09,17139,10970,16,58,2309,17008,51,153,53
2021-09-22,16444,1513,3914,58.763,15581,12210,22,40,1491,13401,46,158,55
2021-09-23,9130,446,2876,30.48,10430,12890,4,0,2910,6418,49,111,55
2021-09-24,4110,164,2594,3.066,4665,12650,40,0,1180,2034,NA,NA,NA
2021-09-25,15845,1921,4343,132.495,14753,11060,4,68,3959,14928,42,166,54
2021-09-26,15618,1656,4078,105.71,14210,11430,29,50,2426,10028,41,177,52
2021-09-27,8696,322,2742,28.822,9949,11990,13,0,1196,9476,47,96,52
2021-09-28,10935,785,3205,40.31,12517,11790,1,2,372,11344,46,133,51
2021-09-29,0,0,2420,0,0,11870,0,0,0,0,68,85,NA
2021-09-30,1435,55,2475,3.048,1643,11870,8,0,58,1110,54,105,51
2021-10-01,10077,448,2868,35.164,11437,10850,50,0,1302,8782,51,100,52
2021-10-02,17712,1899,4319,135.799,16779,10910,19,69,1652,12110,50,171,54
2021-10-03,5330,259,2679,6.274,6016,12090,0,0,1074,2957,47,115,56
2021-10-04,14250,992,3446,30.887,14940,11490,3,7,1600,16209,44,159,55
2021-10-05,13484,1112,3552,15.426,15379,11840,96,41,1949,10432,47,144,56
2021-10-06,12299,898,3328,33.528,11222,12550,10,18,2536,7505,48,178,55
2021-10-07,9024,555,2984,40.311,10330,12420,0,0,1272,8631,46,112,54
2021-10-08,8836,505,2934,35.522,10115,12010,0,0,300,10099,47,118,53
2021-10-09,3503,741,3170,7.508,4004,11640,10,49,701,3687,39,161,51
2021-10-10,4749,774,3203,3.139,3587,10120,7,28,526,4034,61,174,52
2021-10-11,5990,224,2653,34.827,6844,8820,0,0,747,4313,43,114,52
2021-10-12,13579,1279,3721,43.534,12500,8430,0,25,1429,12090,36,161,50
2021-10-13,16117,1442,3879,94.488,18420,8840,26,38,3958,13148,34,138,49
2021-10-14,0,0,614,0,0,10760,0,0,0,0,NA,NA,NA
2021-10-15,2787,203,2640,18.515,3190,10760,0,1,39,2698,60,119,50
2021-10-16,7094,767,3204,12.192,8120,10010,8,34,1525,5282,47,154,51
2021-10-17,3645,695,3132,3.048,3998,9640,16,44,839,3529,64,159,51
2021-10-18,8734,378,2815,13.946,9998,8520,0,0,942,5002,46,117,52
2021-10-19,11653,474,2911,28.704,13283,8670,61,0,1236,7818,57,102,54
2021-10-20,12110,478,2915,23.158,13862,9600,74,0,1929,5428,NA,NA,NA
2021-10-21,8615,340,2777,33.618,9861,10460,66,0,362,6016,NA,NA,NA
2021-10-22,14132,629,3066,59.895,16177,10400,60,0,1039,9999,45,112,56
2021-10-23,8636,341,2778,53.925,9885,10980,64,0,1076,5343,68,103,NA
2021-10-24,0,0,2437,0,0,10870,0,0,0,0,NA,NA,NA
2021-10-25,10395,418,2855,39.895,11823,10870,71,0,1451,4885,NA,NA,NA
2021-10-26,9831,388,2825,25.643,11253,10970,62,0,1218,8387,NA,NA,NA
2021-10-27,11833,469,2906,16.297,13525,11030,85,0,1437,7682,NA,NA,NA
2021-10-28,8579,338,2775,32.344,9820,11530,54,0,1831,6527,NA,NA,NA
2021-10-29,10663,421,2858,31.364,12206,11360,81,0,1110,5681,NA,NA,NA
2021-10-30,10165,1514,3938,125.311,8343,11450,5,62,1822,6494,45,170,56
2021-10-31,13596,609,3033,47.363,16150,11140,56,0,480,12717,58,104,59
2021-11-01,15781,1249,3673,39.94,15027,11650,116,18,1439,7145,105,165,NA
2021-11-02,10816,422,2846,43.507,12372,12330,59,0,720,5138,NA,NA,NA
2021-11-03,8281,476,2911,46.08,9441,12340,0,2,793,7316,43,111,56
2021-11-04,4994,940,3378,7.743,5671,12050,14,45,1445,5172,58,170,59
2021-11-05,11174,441,2879,55.938,12791,10780,90,0,1557,5990,NA,NA,NA
2021-11-06,3331,680,3118,6.096,3796,10990,27,36,1286,3330,51,141,59
2021-11-07,0,0,2438,0,0,10270,0,0,0,0,65,81,NA
2021-11-08,9876,673,3111,32.26,11301,10270,0,0,2599,10567,54,112,59
2021-11-09,10599,750,3188,52.781,12132,10380,0,0,761,12019,43,117,57
2021-11-10,14687,828,3266,51.816,16787,10730,0,0,2111,12209,40,114,57
2021-11-11,11255,2057,4514,14.109,12842,11950,51,92,3727,8051,74,167,56
2021-11-12,10346,414,2871,37.973,11843,12130,71,0,357,6253,NA,NA,NA
2021-11-13,12114,1556,4010,124.21,10346,12110,62,62,1680,6697,60,164,57
2021-11-14,12314,1098,3552,363.095,16272,11760,99,15,2043,10115,62,127,58
2021-11-15,3564,140,2594,8.24,4080,12220,8,0,989,3358,48,105,57
2021-11-16,4884,1241,3695,31.116,3120,11410,9,22,868,3330,80,180,63
2021-11-17,8751,1300,3754,14.304,2377,9760,27,46,1051,2447,66,168,67
2021-11-18,7904,918,3372,26.682,6737,8290,7,15,1407,6931,44,171,64
2021-11-19,10081,415,2869,34.819,11540,7980,42,0,1041,5889,41,104,61
2021-11-20,14969,1820,4274,96.647,13587,8340,26,62,2440,9684,52,175,61
2021-11-21,15439,1467,3921,107.528,12905,9490,14,50,756,8502,45,135,58
2021-11-22,6438,386,2817,18.288,7369,10180,0,0,1310,5806,38,105,57
2021-11-23,18739,1278,3732,38.069,18229,10180,106,17,1672,9693,78,157,53
2021-11-24,8734,386,2840,28.582,9998,11790,39,0,1468,5194,42,109,51
2021-11-25,8866,1167,3621,26.129,8487,11610,5,35,1715,5925,36,156,51
2021-11-26,11977,632,3086,18.288,13710,10990,0,0,753,11871,37,112,51
2021-11-27,14400,1532,3986,91.44,12807,11270,87,69,1860,6511,52,164,51
2021-11-28,4154,907,3362,4.353,1979,11580,4,43,665,2487,47,142,51
2021-11-29,18054,1844,4360,37.425,20661,10620,20,51,1834,16077,57,151,54
2021-11-30,11871,1127,3588,45.026,13550,11630,36,38,1036,12501,53,159,55
2021-12-01,9131,367,2828,18.679,10439,12020,73,0,766,6013,NA,NA,NA
2021-12-02,15878,1379,3843,37.425,18175,11870,20,37,2870,15567,44,163,55
2021-12-03,16843,1203,3667,44.128,16165,12500,48,20,2189,11695,40,147,55
2021-12-04,11946,484,2948,69.329,13661,13240,121,0,1350,6212,NA,NA,NA
2021-12-05,7973,322,2786,24.432,9126,13330,48,0,201,4560,NA,NA,NA
2021-12-06,13406,1139,3603,18.791,15334,12910,40,38,1261,11767,47,145,55
2021-12-07,13266,1393,3861,16.116,15185,13160,29,38,2374,12089,44,146,52
2021-12-08,13391,873,3341,23.407,15322,13570,0,0,1126,11998,48,116,53
2021-12-09,14244,846,3314,30.557,16274,13920,17,0,1069,14726,48,111,54
2021-12-10,3959,584,3052,4.332,4532,14390,3,6,203,4225,50,130,55
2021-12-11,2230,141,2609,4.332,2553,13410,4,8,817,5106,42,130,54
2021-12-12,12225,708,3176,31.43,13940,11240,1,4,911,10667,52,127,56
2021-12-13,15988,1243,3711,63.232,17834,11510,4,20,3570,10034,37,177,53
2021-12-14,6105,246,2714,54.864,6988,12780,21,0,1727,4955,39,99,52
2021-12-15,15218,617,3085,54.864,17396,12200,151,0,2008,9584,NA,NA,NA
2021-12-16,18146,2641,5109,90.108,19483,12720,125,92,1128,17394,68,184,53
2021-12-17,14842,1625,4093,123.581,15887,14080,32,37,1350,12411,47,168,53
2021-12-18,4558,273,2741,0,5184,14450,0,2,1372,4741,39,116,53
2021-12-19,5418,214,2682,15.24,6193,13530,0,0,596,5415,42,119,50
2021-12-20,18361,1998,4466,70.918,19672,12070,31,68,3282,11451,49,177,53
2021-12-21,17514,2146,4614,99.334,19060,12830,45,76,3922,11649,40,171,54
2021-12-22,12181,817,3285,36.576,13911,14080,4,6,2169,8361,43,138,54
2021-12-23,14781,1198,3666,61.014,16909,14070,1,6,4148,9767,46,129,54
2021-12-24,13928,1915,4383,126.724,15815,14360,38,48,5890,14622,45,163,53
2021-12-25,20,0,2468,0,23,14660,0,0,0,15,79,92,NA
2021-12-26,5,0,2468,0,6,14660,0,0,0,60,NA,NA,NA
2021-12-27,2811,352,2820,3.048,3218,14660,6,11,1424,1457,48,128,55
2021-12-28,2223,95,2563,12.506,2545,13520,0,0,160,2132,45,100,55
2021-12-29,0,0,2468,0,0,11330,0,0,0,0,70,70,NA
2021-12-30,0,0,2468,0,0,11330,0,0,0,0,NA,NA,NA
2021-12-31,0,0,3431,0,0,11330,0,0,0,0,NA,NA,NA
2022-01-01,9689,1017,4439,35.719,8869,11330,11,39,1385,6261,52,169,55
2022-01-02,12008,1107,3523,29.486,13725,10840,14,40,1748,8048,38,152,55
2022-01-03,19900,2069,4528,32.51,19784,11130,25,62,3356,15200,47,167,56
2022-01-04,16537,2211,4653,20.23,15822,12870,20,65,3194,11603,48,175,56
2022-01-05,10808,651,3092,13.54,12291,13460,0,1,3496,9780,42,123,54
2022-01-06,17859,2385,4829,15.24,17054,13350,25,69,4033,16770,38,168,53
2022-01-07,12538,707,3131,39.624,14312,13720,0,0,1590,12248,40,108,52
2022-01-08,4411,200,2624,18.288,5049,13840,0,1,1477,3880,38,114,50
2022-01-09,11053,979,3417,26.289,12386,12960,14,32,1968,8992,34,155,48
2022-01-10,12619,1292,3727,21.482,14419,12850,13,47,3522,11621,36,168,46
2022-01-11,15962,1439,3865,26.019,14881,13010,10,44,2798,12007,35,165,44
2022-01-12,15529,1273,3709,18.303,14560,13390,0,37,2360,13478,44,192,44
2022-01-13,14284,1367,3792,20.293,12318,13630,0,31,1730,10552,37,160,44
2022-01-14,8466,404,2835,16.511,9691,13500,0,0,1454,7308,36,110,43
2022-01-15,15172,871,3317,363.271,18780,12740,77,9,1130,13182,38,121,44
2022-01-16,9228,317,2733,36.995,10467,13350,0,0,892,8446,38,99,44
2022-01-17,8302,325,2761,18.288,9503,13070,0,0,2319,7290,35,109,43
2022-01-18,17848,1916,4334,22.031,16155,12360,30,53,2864,12493,46,168,45
2022-01-19,15318,1322,3759,19.108,13760,12760,0,26,4072,10945,40,171,44
2022-01-20,15055,1059,3489,39.624,14805,12960,3,11,2127,13539,40,159,44
2022-01-21,17385,1152,3578,64.008,19779,13330,18,20,3149,15190,44,150,47
2022-01-22,7037,306,2741,19.773,8037,14620,0,0,2288,3855,37,107,46
2022-01-23,9056,835,3288,20.176,10322,13970,29,21,1465,8304,38,138,46
2022-01-24,16240,1244,3690,75.024,15190,13240,13,52,3360,11397,35,168,46
2022-01-25,14734,1195,3622,37.48,16860,13440,18,32,3535,15530,40,162,45
2022-01-26,18388,1790,4208,20.43,16062,14130,11,78,2328,14623,35,174,44
2022-01-27,19857,1059,3473,70.816,22730,14520,0,0,2060,16298,38,118,43
2022-01-28,12562,691,3116,21.812,14380,16170,0,0,1642,11243,37,115,41
2022-01-29,18478,1329,3764,666.279,23791,16000,105,29,744,19084,40,136,41
2022-01-30,16388,810,3239,75.143,18750,16800,0,1,2535,10591,47,111,41
2022-01-31,3032,565,3002,3.048,3463,17200,36,25,660,3294,68,160,42
2022-02-01,10743,438,2874,23.402,12298,15830,0,0,1565,11094,42,106,43
2022-02-02,16444,1383,3801,48.768,15200,15130,14,59,2964,12511,37,164,43
2022-02-03,19513,1571,3980,28.86,18236,15140,15,60,2586,15062,41,170,43
2022-02-04,9887,456,2863,28.582,11309,15760,0,3,1733,10648,38,99,44
2022-02-05,13249,1573,4004,24.384,12039,15760,36,82,3990,8471,34,163,43
2022-02-06,10268,804,3229,21.858,11739,15390,21,27,1793,9116,34,159,42
2022-02-07,10258,356,2786,30.48,11704,14660,0,1,3125,7842,41,96,42
2022-02-08,15963,1261,3680,49.889,14933,14070,10,54,2706,13834,42,168,42
2022-02-09,13113,639,3059,33.528,14983,14160,0,1,3301,13750,42,107,43
2022-02-10,14988,1371,3779,18.956,12567,14330,4,66,1694,11148,43,169,44
2022-02-11,11278,517,2930,16.699,12901,14160,0,0,1768,14531,42,102,44
2022-02-12,6318,603,3038,11.106,7058,13910,25,23,3304,4475,39,144,45
2022-02-13,16602,1707,4125,43.179,18951,12540,34,42,3869,12219,58,140,47
2022-02-14,12966,591,3020,30.792,14842,13190,0,0,1301,12732,41,103,47
2022-02-15,13957,1153,3577,39.977,12836,13520,4,55,1983,10514,39,162,46
2022-02-16,17850,1261,3690,20.711,20281,13460,13,36,5008,14317,41,161,46
2022-02-17,9975,406,2835,27.506,11418,14150,0,1,1960,8710,37,102,45
2022-02-18,9983,625,3054,53.812,11403,13880,0,1,1179,11210,48,114,45
2022-02-19,11171,681,3113,32.868,12697,13390,0,0,3655,8679,41,113,45
2022-02-20,7280,502,2934,44.066,8333,13260,0,0,1571,6061,41,115,45
2022-02-21,0,0,2432,0,0,12280,0,0,0,0,67,73,NA
2022-02-22,18458,2009,4440,30.98,17754,12280,27,90,2965,13779,45,171,45
2022-02-23,13878,1388,3804,43.276,11825,12830,7,69,1473,9856,41,167,45
2022-02-24,13443,1297,3695,49.837,12071,12730,5,53,1723,10944,40,164,46
2022-02-25,10138,685,3088,22.237,11605,12600,1,4,834,10745,42,126,45
2022-02-26,0,0,2403,0,0,12410,0,0,0,0,NA,NA,NA
2022-02-27,0,0,2403,0,0,12410,0,0,0,0,NA,NA,NA
2022-02-28,16814,1465,3885,43.11,15629,12410,13,55,1584,13642,59,167,46
2022-03-01,13694,1187,3600,15.24,15660,12740,14,41,2023,15516,41,162,45
2022-03-02,9960,548,2961,22.025,11247,13330,0,0,2416,10285,38,111,45
2022-03-03,13411,1168,3584,12.192,12618,13130,13,51,1689,13823,41,170,45
2022-03-04,10375,557,2973,40.92,11876,13030,0,0,907,11031,50,115,46
2022-03-05,7360,323,2739,41.614,8390,12800,1,1,3389,6171,38,125,45
2022-03-06,9086,362,2778,36.921,10365,11920,34,0,769,6626,37,94,44
2022-03-07,8364,791,3207,25.223,9562,11610,17,19,1144,5833,57,106,44
2022-03-08,13763,1189,3607,43.184,15748,11200,16,40,3751,11306,44,151,45
2022-03-09,20201,1628,4060,37.818,19966,11660,2,50,3788,14269,48,166,46
2022-03-10,15568,1186,3606,47.049,15523,13330,4,45,1840,14171,35,161,45
2022-03-11,10162,667,3087,26.466,11632,13770,0,1,2979,9010,42,117,45
2022-03-12,13007,664,3084,52.19,14734,13560,1,1,1436,11025,39,136,45
2022-03-13,7569,256,2676,34.11,8664,13680,0,0,1404,4595,38,98,45
2022-03-14,2825,83,2503,10.228,3182,13180,0,0,916,2212,34,98,44
2022-03-15,6694,1106,3541,0,4948,11180,15,50,1988,4816,34,169,42
2022-03-16,5614,1143,3578,0,3301,9940,25,61,795,3360,37,172,41
2022-03-17,12599,1196,3631,9.144,11978,8620,7,42,2597,8995,55,165,41
2022-03-18,8838,644,3079,26.677,10117,8960,2,2,646,10331,53,124,41
2022-03-19,17239,1619,4054,112.776,16151,9200,54,59,1828,10919,46,166,41
2022-03-20,13,0,2435,0,15,10720,0,0,0,60,38,71,41
2022-03-21,0,0,2421,0,0,10720,0,0,0,0,69,69,NA
2022-03-22,16500,890,3311,50.797,18880,10720,0,0,1026,15905,52,110,46
2022-03-23,12048,677,3101,27.602,13781,12360,0,0,3978,10586,47,108,48
2022-03-24,12998,1221,3654,19.43,14858,12650,39,32,3134,12219,37,172,47
2022-03-25,14650,722,3151,31.252,16764,13100,0,0,1440,13656,43,116,48
2022-03-26,9543,462,2891,15.508,10924,13840,0,4,2143,8951,38,107,47
2022-03-27,11219,891,3320,30.724,12842,13550,1,2,3729,9064,41,120,49
2022-03-28,17414,1197,3633,123.472,19934,13410,21,22,2511,16384,43,150,49
2022-03-29,14768,1499,3925,34.294,16871,14070,21,50,4479,14177,48,169,48
2022-03-30,10789,433,2854,35.414,12323,14630,72,0,2835,6884,36,88,46
2022-03-31,18234,1888,4317,48.768,17721,14400,31,80,3410,15125,45,162,47
2022-04-01,13646,729,3137,33.937,15610,14740,1,6,2104,11839,47,135,47
2022-04-02,13367,661,3069,21.336,15229,14920,0,0,3623,12200,36,117,47
2022-04-03,5334,218,2626,30.48,6106,14990,0,0,145,3228,37,106,45
2022-04-04,14950,727,3152,77.03,16965,14110,1,3,2759,11063,39,134,44
2022-04-05,14105,1105,3524,24.384,16146,14400,17,32,3719,11702,34,168,42
2022-04-06,13549,1317,3728,36.888,15473,14750,25,39,2894,11754,36,162,42
2022-04-07,16381,1280,3704,36.946,15753,14900,12,55,2403,10930,38,169,41
2022-04-08,12061,660,3085,45.72,13769,15070,0,1,2300,12173,41,107,40
2022-04-09,10843,952,3377,289.56,13197,14940,96,23,246,8583,51,147,41
2022-04-10,11,0,2425,0,13,14600,0,0,0,60,NA,NA,NA
2022-04-11,15935,1482,3911,39.624,14026,14600,20,59,3493,11932,48,173,41
2022-04-12,14900,1179,3597,38.491,16837,14490,23,29,4895,15254,38,144,42
2022-04-13,12429,1170,3583,40.634,11011,14730,4,52,3789,7265,38,156,42
2022-04-14,14134,969,3379,28.511,16173,14360,32,21,4149,11218,37,152,42
2022-04-15,13992,1102,3515,56.05,16016,14550,33,29,3676,11219,36,144,41
2022-04-16,18612,1162,3575,31.27,19004,14850,10,33,5922,12117,36,157,40
2022-04-17,375,6,2419,0,429,15680,0,0,165,255,34,77,40
2022-04-18,17836,1371,3796,32.399,16519,15680,10,66,1732,13552,40,168,40
2022-04-19,17074,1074,3489,61.365,19411,15850,39,15,4846,12185,39,176,40
2022-04-20,15815,1431,3836,33.74,14097,16570,11,65,2384,11340,46,172,40
2022-04-21,17642,1081,3495,52.907,20195,16330,11,24,4510,14927,34,157,40
2022-04-22,21212,906,3326,110.501,24092,16720,0,2,3112,16756,39,119,40
2022-04-23,11888,619,3039,42.672,13608,18200,2,1,1635,10815,35,123,40
2022-04-24,6222,216,2646,9.994,7117,17740,0,0,919,5838,38,107,40
2022-04-25,14099,559,2992,36.576,16121,15620,0,0,1878,15860,35,102,40
2022-04-26,11022,1037,3461,28.005,12586,15670,22,38,3246,9310,42,142,40
2022-04-27,16127,758,3168,82.296,18460,15370,0,0,1754,13419,42,112,40
2022-04-28,20053,1634,4060,46.983,19058,15680,39,98,3799,14400,53,169,41
2022-04-29,14117,696,3121,63.363,16160,16360,0,0,2631,10668,41,115,41
2022-04-30,4895,231,2656,20.296,5574,16340,0,1,2448,4346,41,107,42
2022-05-01,10463,1056,3481,61.8,11977,14190,4,39,3382,6221,37,165,42
2022-05-02,14749,1404,3829,27.586,16851,13750,24,42,1490,15775,39,165,44
2022-05-03,18747,1554,3976,59.684,16851,14060,9,72,4245,12240,43,167,45
2022-05-04,11665,487,2903,37.099,13272,14620,0,0,2358,8394,44,106,45
2022-05-05,18381,2117,4536,51.816,16496,14490,33,105,1994,13678,42,173,46
2022-05-06,8388,458,2877,21.336,9602,14690,0,1,1039,7494,38,118,46
2022-05-07,6970,269,2696,6.098,7859,14190,0,0,3728,4495,36,100,45
2022-05-08,19,0,2427,0,22,12930,0,0,0,64,35,66,44
2022-05-09,13446,689,3116,45.725,15351,12930,0,0,5058,6655,39,108,45
2022-05-10,18262,1727,4154,47.845,16836,13180,14,68,4127,12045,41,173,45
2022-05-11,14538,888,3307,32.657,16629,13920,17,14,3206,12731,45,144,44
2022-05-12,17640,1356,3780,47.418,16157,14470,15,63,1636,13792,38,177,43
2022-05-13,14833,1138,3562,20.658,16971,14810,26,21,2848,14173,37,142,43
2022-05-14,14159,1568,3992,140.304,13688,15250,2,68,1967,10700,49,163,46
2022-05-15,5620,300,2718,17.053,6421,15100,0,0,1711,5534,41,108,47
2022-05-16,14152,810,3228,37.007,16179,13370,0,1,4295,13216,38,108,46
2022-05-17,13888,1315,3733,24.384,15849,13650,38,34,4598,11504,36,160,45
2022-05-18,13290,623,3041,40.774,15186,14090,2,4,2903,12611,37,123,43
2022-05-19,6424,365,2783,32.216,7354,14310,3,2,1119,5951,36,129,45
2022-05-20,16094,1054,3472,41.335,18423,13620,0,1,5084,9410,49,120,45
2022-05-21,9424,430,2860,23.504,10788,14100,0,0,1223,10284,43,115,44
2022-05-22,11815,2593,5023,32,6447,13770,21,133,1270,5916,37,162,44
2022-05-23,14055,2478,4908,16.07,10188,12310,12,119,2787,9261,49,176,44
2022-05-24,14039,1809,4239,37.5,10584,11890,6,99,933,6975,48,138,46
2022-05-25,12572,1831,4261,33.787,9313,11630,8,95,1425,9418,52,153,48
2022-05-26,16022,1960,4390,41.141,12846,11170,15,92,2322,8809,50,149,49
2022-05-27,6504,333,2763,7.943,7376,11340,0,0,1159,5152,41,102,48
2022-05-28,12162,735,3263,44.924,13914,10950,0,0,2620,7476,37,115,47
2022-05-29,12198,1727,3842,445.863,10843,11250,94,72,937,10040,57,185,47
2022-06-05,NA,NA,NA,NA,NA,NA,NA,NA,NA,NA,NA,NA,NA
2022-06-06,NA,NA,NA,NA,NA,NA,NA,NA,NA,NA,NA,NA,NA
2022-06-07,NA,NA,NA,NA,NA,NA,NA,NA,NA,NA,NA,NA,NA
2022-06-08,NA,NA,NA,NA,NA,NA,NA,NA,NA,NA,NA,NA,NA
2022-06-09,NA,NA,NA,NA,NA,NA,NA,NA,NA,NA,NA,NA,NA
2022-06-10,5763,299,2706,32.578,6597,7500,2,1,660,5539,45,129,50
2022-06-11,13302,942,3353,99.796,12725,7320,6,30,1641,8438,37,140,45
2022-06-12,10577,1133,3536,32.258,9447,7860,24,42,1734,6983,35,148,42
2022-06-13,6876,231,2649,12.192,7871,8180,0,0,3487,6675,34,96,41
2022-06-14,9988,515,2928,24.866,11433,8150,0,0,727,9962,36,117,40
2022-06-15,7642,365,2761,24.877,8748,8480,0,0,1350,9447,35,102,40
2022-06-16,21961,1516,3905,60.96,25135,8540,27,25,2616,21129,32,140,39
2022-06-17,5911,194,2603,18.534,6720,10540,0,0,643,6868,40,103,38
2022-06-18,18342,2353,4762,925.858,23079,10160,153,106,769,20358,45,156,38
2022-06-19,4365,116,2525,16.68,4997,11460,0,0,754,4231,41,99,39
2022-06-20,10051,925,3344,3.048,11362,10820,22,37,2359,7413,35,163,39
2022-06-21,17640,1451,3861,46.112,16999,10880,5,49,2726,15572,37,172,39
2022-06-22,9649,414,2822,0,11002,12110,0,0,1366,11418,38,100,40
2022-06-23,11908,994,3398,14.402,10548,12000,13,49,744,11227,35,175,40
2022-06-24,13644,630,3038,25.043,15618,11710,0,1,1510,11776,38,114,40
2022-06-25,7270,353,2769,50.261,8039,12100,0,0,2144,5083,38,110,40
2022-06-26,13231,1402,3818,18.288,12002,11700,14,52,4207,7274,34,177,39
2022-06-27,10126,416,2834,34.606,11591,11730,0,0,854,9059,38,105,40
2022-06-28,9560,461,2859,37.4,10943,11720,0,3,1437,8135,36,114,40
2022-06-29,9999,465,2859,17.439,11446,11570,0,0,1687,10234,34,124,39
2022-06-30,11224,454,2847,21.336,12848,11550,0,0,2458,15344,35,105,39
2022-07-01,14338,1070,3469,32.049,14618,11680,9,36,3283,13973,37,129,39
2022-07-02,17037,1338,3754,15.702,16193,12270,15,45,3066,11559,35,153,39
2022-07-03,14750,669,3089,33.528,16831,13060,0,0,3105,11936,39,123,39
2022-07-04,8917,536,2954,20.678,10174,13820,0,0,2963,5805,37,123,39
2022-07-05,13331,1111,3519,10.325,12120,13460,7,48,1613,11300,38,170,39
2022-07-06,8061,292,2703,11.051,9216,13200,0,0,1285,8113,40,111,40
2022-07-07,15408,1313,3718,39.624,17601,12410,41,18,3150,14667,38,140,40
2022-07-08,12921,649,3041,42.672,14790,12930,0,1,1468,12579,36,120,40
2022-07-09,9001,237,2655,28.035,10277,13310,0,0,1308,11323,33,98,40
2022-07-10,15428,1013,3431,107.021,17660,13010,0,2,1962,14506,42,122,40
2022-07-11,12132,1031,3406,21.876,10699,13480,9,47,4327,8904,36,166,40
2022-07-12,11608,856,3259,16.26,13288,13210,38,21,1758,14072,36,134,40
2022-07-13,16201,1161,3559,30.48,15454,13220,11,54,2496,13524,36,173,39
2022-07-14,12443,834,3205,28.311,14243,13670,20,23,3731,11262,35,140,39
2022-07-15,13326,1261,3664,29.213,12096,13790,15,54,2874,11472,36,161,39
2022-07-16,10691,598,3010,43.821,12227,13620,0,0,4974,5281,44,126,40
2022-07-17,6502,285,2701,10.568,7363,13620,0,0,1868,5247,36,117,39
2022-07-18,14598,1087,3508,27.432,13655,13620,7,48,1382,11035,41,172,40
2022-07-19,15107,1011,3420,24.876,17273,13630,36,19,1693,20702,45,139,40
2022-07-20,15602,1074,3483,44.052,14684,14360,15,42,2991,12802,40,168,41
2022-07-21,11172,848,3257,42.672,12611,14430,48,19,3331,10561,37,173,42
2022-07-22,17167,1168,3577,21.336,17507,14250,16,32,2732,12653,38,123,43
2022-07-23,16153,1394,3803,123.439,15443,14580,12,53,885,12634,37,158,42
2022-07-24,8268,449,2858,13.499,9464,14760,0,0,2712,3935,36,125,42
2022-07-25,14184,1032,3442,31.925,12844,14230,10,47,2174,10048,38,155,42
2022-07-26,14187,941,3363,86.907,16196,13960,22,28,1276,13915,38,158,42
2022-07-27,15254,1147,3567,33.528,14764,14190,20,35,1823,16789,36,136,41
2022-07-28,12114,1047,3457,24.928,13710,14310,30,32,1747,14473,39,143,41
2022-07-29,13946,517,2927,43.376,15940,14250,0,0,1335,11322,36,112,40
2022-07-30,7007,346,2756,13.704,8021,14420,0,0,1087,5788,40,105,41
2022-07-31,9719,487,2897,31.05,11125,13780,0,1,576,8079,37,122,41
2022-08-01,12785,1083,3510,12.192,11242,13250,9,54,1079,9469,36,166,41
2022-08-02,11291,874,3293,28.261,12925,12850,24,30,1573,11903,37,134,40
2022-08-03,14447,1194,3599,14.458,13143,12860,11,53,1619,12469,37,167,41
2022-08-04,12266,1023,3444,9.319,11489,12920,20,33,1770,11833,39,157,40
2022-08-05,14161,959,3379,45.084,16189,12780,33,15,2269,14729,40,130,41
2022-08-06,17236,1494,3914,120.741,15537,13120,22,57,1744,10904,39,161,41
2022-08-07,9629,358,2778,50.029,11022,13610,0,0,1046,9140,35,107,42
2022-08-08,21792,1730,4150,71.98,21522,13360,11,48,3686,19045,35,169,42
2022-08-09,14246,1151,3565,57.071,16307,14180,34,14,2504,14236,46,131,43
2022-08-10,13691,1208,3622,63.384,13323,14610,5,42,2340,9600,40,143,43
2022-08-11,14707,688,3102,60.215,16823,14490,0,0,778,12754,38,117,43
2022-08-12,14126,898,3320,36.763,16170,14730,27,11,723,14907,43,128,43
2022-08-13,5470,317,2739,13.931,6160,15020,0,1,1856,4384,39,122,43
2022-08-14,11151,1286,3708,41.434,9553,14140,25,45,2505,7058,50,172,43
2022-08-15,11531,435,2857,31.63,13044,13230,39,0,1366,7442,44,108,45
2022-08-16,12957,1180,3600,13.922,10605,13200,48,61,817,6275,50,171,45
2022-08-17,11808,426,2844,32.152,13437,13200,0,0,1806,12912,37,99,45
2022-08-18,15924,1203,3621,40.094,18196,13230,30,27,1957,16977,36,149,44
2022-08-19,15112,1132,3550,54.864,13993,14230,11,45,2068,10132,41,169,44
2022-08-20,12001,1367,3785,60.96,9899,14210,14,67,1238,6639,38,136,44
2022-08-21,5650,248,2672,26.521,6414,13350,0,0,594,4047,38,111,44
2022-08-22,11244,413,2837,46.823,12851,11970,0,0,1939,11370,34,106,42
2022-08-23,14679,1261,3683,22.889,16803,12060,32,29,1922,16134,36,144,41
2022-08-24,16696,1469,3893,48.768,15468,13010,9,60,3150,11288,38,166,41
2022-08-25,15250,713,3135,41.544,17457,13510,0,1,3536,11217,35,117,NA
2022-08-26,12804,1141,3579,34.283,14609,14310,33,21,1793,12547,41,132,40
2022-08-27,14009,1425,3863,120.388,12580,14370,21,53,1181,11665,39,171,41
2022-08-28,10223,1497,3935,19.134,6249,14200,5,84,1140,8008,47,153,41
2022-08-29,4780,746,3184,11.501,3086,12610,24,40,957,2503,39,155,41
2022-08-30,0,0,2438,0,0,10710,0,0,0,0,66,73,NA
2022-08-31,5208,736,3174,13.363,3925,10710,14,48,877,4634,49,168,43
2022-09-01,12750,1002,3440,54.141,14550,9360,35,20,950,11606,53,140,44
2022-09-02,9000,647,3085,47.772,10302,9880,1,4,1297,11079,35,126,46
2022-09-03,14355,1459,3897,105.771,12704,9970,9,62,2215,10156,38,142,46
2022-09-04,15120,1614,4052,105.867,13314,10520,9,73,1110,10564,37,155,46
2022-09-05,8520,484,2922,22.519,9701,11080,0,1,1392,8531,37,115,46
2022-09-06,12483,1259,3690,27.612,14207,11080,25,35,3484,12601,37,154,45
2022-09-07,15222,1332,3750,28.565,14263,11400,9,50,1114,13904,35,171,44
2022-09-08,9325,495,2913,57.912,10651,11980,0,0,770,9813,35,117,43
2022-09-09,20241,1932,4348,55.859,23145,11850,20,50,4618,14755,38,146,41
2022-09-10,15975,750,3180,19.845,18195,11850,0,1,419,11858,39,117,41
2022-09-11,10622,628,3071,36.576,12125,13120,0,0,2369,8847,52,123,42
2022-09-12,15933,1206,3649,35.732,14875,13020,6,51,2916,13444,37,169,42
2022-09-13,16406,997,3422,58.987,18723,13210,23,10,2996,15623,37,133,41
2022-09-14,13993,1092,3503,30.48,13730,14320,10,39,2487,11300,45,166,43
2022-09-15,11143,838,3257,33.528,10337,14270,9,41,2300,9791,41,167,43
2022-09-16,14239,1296,3718,36.576,16121,13490,40,33,4600,14084,44,140,44
2022-09-17,15275,1430,3873,147.558,13733,13760,14,57,1218,12259,39,142,44
2022-09-18,4386,148,2585,15.836,5020,13760,0,0,831,3808,41,115,44
2022-09-19,4580,242,1608,13.043,5243,12020,19,0,383,5497,60,107,45
2022-09-20,9057,486,2906,25.467,10368,12020,0,0,110,9663,44,115,47
2022-09-21,10243,301,2721,27.432,11725,11690,0,0,807,10313,43,95,47
2022-09-22,11806,460,2880,29.067,13514,11700,71,0,919,6772,NA,NA,NA
2022-09-23,10258,410,2826,31.877,11670,12070,9,0,1790,6950,43,112,48
2022-09-24,14792,1375,3807,32.482,13083,12030,8,61,2900,9874,47,145,50
2022-09-25,7438,462,2888,20.487,8514,12140,0,0,2500,3669,35,123,49
2022-09-26,15717,992,3429,55.48,15908,12140,8,32,2114,11502,37,162,47
2022-09-27,13477,912,3339,27.432,15370,12520,25,20,2616,12734,36,139,45
2022-09-28,13629,754,3176,46.646,15601,12520,1,3,1855,10270,42,125,45
2022-09-29,16575,788,3206,73.152,18973,13140,3,1,2347,15417,33,124,45
2022-09-30,8846,551,2969,35.505,10126,14310,3,2,2286,8707,36,122,44
2022-10-01,14112,1197,3615,33.585,14280,13140,4,32,2882,13258,40,172,43
2022-10-02,9381,782,3200,15.356,9903,13260,3,31,1955,6974,43,172,44
2022-10-03,11642,476,2922,39.855,13326,12930,4,0,1088,8510,40,108,44
2022-10-04,3773,255,2690,8.366,4299,12970,0,0,1136,5445,44,114,46
2022-10-05,3877,617,3052,6.096,4374,12110,3,6,881,5358,39,130,44
2022-10-06,5907,393,2828,5.368,6762,10570,0,0,546,5802,36,123,44
2022-10-07,12362,712,3147,45.802,14151,9810,0,3,1404,10345,42,120,45
2022-10-08,9418,1277,3712,6.386,6968,10250,9,60,2000,6050,43,159,45
2022-10-09,3642,198,2633,0,3987,9930,0,0,1042,3129,38,104,45
2022-10-10,12996,1347,3762,47.786,11685,8750,4,59,1467,11243,36,171,45
2022-10-11,12567,884,3321,26.817,14372,9050,22,16,2364,12757,40,135,44
2022-10-12,14528,1253,3672,38.761,13296,10120,14,54,3141,11137,50,175,45
2022-10-13,9946,948,3361,12.849,11350,10760,33,26,1083,12827,32,159,44
2022-10-14,11639,586,3005,45.026,13297,10880,0,0,2341,11556,38,119,43
2022-10-15,6220,339,2781,9.929,6880,11370,0,0,2685,4327,40,118,43
2022-10-16,2773,90,2532,7.541,3149,10930,0,0,904,2782,38,101,43
2022-10-17,84,1,2451,0,96,9380,0,0,180,60,35,69,42
2022-10-18,0,0,2450,0,0,9380,0,0,0,0,NA,NA,NA
2022-10-19,0,0,2452,0,0,9380,0,0,0,0,NA,NA,NA
2022-10-20,0,0,2452,0,0,9380,0,0,0,0,NA,NA,NA
2022-10-21,0,0,2427,0,0,9380,0,0,0,0,NA,NA,NA
2022-10-22,11905,1128,3555,114.611,10784,9380,6,46,721,10691,46,159,42
2022-10-23,5069,233,2660,9.144,5735,9520,0,0,1426,5020,39,99,42
2022-10-24,13769,1178,3636,39.624,15736,9150,32,25,2689,13571,40,147,43
2022-10-25,16922,1447,3895,45.72,15996,9810,4,53,4093,12082,42,168,44
2022-10-26,15289,1237,3677,59.472,17456,11050,27,21,2022,14211,48,136,45
2022-10-27,14140,1219,3656,31.441,12872,12340,9,53,2126,11493,46,164,45
2022-10-28,8641,587,3024,24.384,9891,12450,0,2,3598,5690,47,116,47
2022-10-29,8379,726,3166,15.339,9543,12200,26,24,3809,4794,40,147,47
2022-10-30,4453,248,2692,24.797,5097,11670,0,0,1221,3117,38,114,46
2022-10-31,13717,1242,3683,23.517,12299,10360,7,49,1316,11871,45,170,48
2022-11-01,8249,394,2835,14.247,9443,10560,0,0,1600,9151,40,108,48
2022-11-02,12474,1207,3632,39.624,11121,10450,7,59,998,10336,38,170,47
2022-11-03,8358,289,2711,30.48,9567,10520,0,0,868,9058,36,105,47
2022-11-04,8855,524,2946,38.256,10136,10430,0,1,2020,9258,37,113,44
2022-11-05,8846,473,2905,14.4,9990,10380,0,1,2474,9624,36,112,44
2022-11-06,13976,718,3251,240.849,16382,10310,32,9,1428,13220,42,130,44
2022-11-07,16071,1256,3713,71.794,18378,10920,28,26,1539,15542,38,135,43
2022-11-08,9976,396,2853,31.849,11419,12420,0,1,1311,7488,39,120,43
2022-11-09,13005,728,3185,57.912,14867,12320,0,0,1323,13243,39,113,43
2022-11-10,8947,392,2849,58.807,10242,12580,0,0,948,9282,38,112,42
2022-11-11,8921,898,3340,40.769,10203,12350,1,10,2241,10248,37,146,42
2022-11-12,11624,752,3194,15.341,13058,11920,1,4,901,12098,42,125,43
2022-11-13,8007,460,2902,22.405,9125,12040,0,0,1702,9268,39,106,44
2022-11-14,14405,1676,4102,40.486,13039,11750,32,60,2636,11089,38,171,44
2022-11-15,13501,654,3091,28.646,15383,11880,0,1,2082,11303,41,114,44
2022-11-16,10816,597,3034,27.909,12381,12580,0,5,1261,11048,40,150,44
2022-11-17,14446,1284,3721,59.902,14337,12580,22,45,1683,10779,44,173,45
2022-11-18,9371,442,2879,20.453,10727,12760,2,3,1087,9431,40,136,45
2022-11-19,5756,303,2740,11.139,6557,12560,0,1,1720,4355,43,113,45
2022-11-20,4272,268,2705,33.528,4768,11360,0,0,1326,4326,38,124,45
2022-11-21,13742,1362,3799,48.112,12579,10050,16,58,2451,11870,37,171,45
2022-11-22,10709,510,2959,46.122,12258,12560,0,0,2120,8529,38,117,45
2022-11-23,8739,452,2896,32.519,9985,12530,1,4,2087,9961,38,128,44
2022-11-24,2512,211,2655,12.837,2788,12030,0,1,965,2843,40,111,44
2022-11-25,1546,83,2527,5.473,1759,10190,0,1,302,1560,38,113,44
2022-11-26,8861,1307,3751,40.194,10121,8510,11,47,987,10450,53,152,43
2022-11-27,5851,831,3286,28.469,6667,8680,29,31,741,5803,39,152,43
2022-11-28,13464,1088,3525,57.277,13331,8680,10,42,1725,9940,37,158,43
2022-11-29,12518,667,3104,56.797,14294,9150,3,7,2363,9220,41,138,43
2022-11-30,10030,797,3234,53.847,11470,10180,2,7,1779,11132,41,135,44
2022-12-01,10592,627,3064,39.624,12019,10440,2,3,3063,10098,39,132,44
2022-12-02,11836,704,3141,45.783,13549,10760,4,6,1170,12307,38,149,44
2022-12-03,5189,502,2939,21.632,5778,11320,0,3,1331,5527,38,131,44
2022-12-04,91,7,2444,0,104,10770,0,0,12,300,42,88,45
2022-12-05,0,0,2437,0,0,10770,0,0,0,0,NA,NA,NA
2022-12-06,1920,884,3321,0,0,10770,0,0,0,0,NA,NA,NA
2022-12-07,1920,884,3321,0,0,10770,0,0,0,0,NA,NA,NA
2022-12-08,9934,563,3000,18.615,11355,10770,0,0,890,11532,54,121,46
2022-12-09,10105,640,3077,23.196,11337,10830,2,5,2598,8800,41,146,47
2022-12-10,6473,597,3034,41.384,7410,10940,0,0,1472,4674,36,116,45
2022-12-11,7195,474,2911,4.776,8166,10590,2,2,2729,5757,46,121,45
2022-12-12,8336,392,2829,18.288,9542,10110,0,0,1101,8106,41,110,45
2022-12-13,8902,706,3143,42.724,10190,10000,1,1,2244,10151,41,127,45
2022-12-14,7150,374,2811,40.216,8185,10020,2,5,902,6818,38,129,45
2022-12-15,9830,548,2985,50.539,11252,9840,1,2,776,6636,48,125,45
2022-12-16,9056,608,3045,34.663,10354,9990,1,1,2003,11034,40,121,46
2022-12-17,2858,488,2925,4.677,3271,10070,3,5,402,3703,52,128,47
2022-12-18,3335,220,1743,9.144,3802,9390,0,0,1502,2219,48,109,48
2022-12-19,17364,1174,3644,79.248,19529,9150,52,29,3780,11808,42,170,47
2022-12-20,10300,1036,3506,71.825,11447,10190,22,34,1726,7455,51,180,48
2022-12-21,9625,762,3232,42.672,10683,10450,13,22,2986,6855,44,181,48
2022-12-22,10457,1254,3724,46.366,9627,10500,13,58,2624,7843,36,174,48
2022-12-23,19001,1363,3833,52.452,19430,10420,3,43,1824,11267,39,121,47
2022-12-24,8883,569,3039,36.576,9946,11330,0,1,4748,7098,37,117,46
2022-12-25,4842,345,2815,21.336,5533,11200,5,9,1036,3525,42,152,45
2022-12-26,14473,1003,3473,95.623,16558,10070,5,7,1118,9573,44,140,46
2022-12-27,10554,1244,3714,67.915,9739,10720,11,45,2467,7285,38,166,44
2022-12-28,8463,543,3013,46.729,9595,10630,0,0,1611,7025,40,120,44
2022-12-29,15588,1892,4362,73.152,15828,10430,55,64,4610,11396,39,176,44
2022-12-30,8226,535,3005,29.67,9341,10970,7,8,1545,7029,46,145,45
2022-12-31,8426,489,2959,70.112,9645,10810,1,3,1488,6438,40,136,46
2023-01-01,4924,288,2752,7.917,5636,10580,28,0,826,4535,48,116,46
2023-01-02,15167,1438,3902,56.463,15073,9600,9,46,1789,10366,39,167,45
2023-01-03,12716,806,3270,42.672,14539,10150,1,4,2288,8544,42,138,46
2023-01-04,12485,1122,3586,99.411,14278,11030,10,11,2598,10617,40,137,46
2023-01-05,14565,949,3413,55.498,16647,11680,4,3,1473,11357,42,128,46
2023-01-06,9984,1650,4114,97.537,9122,12680,13,60,2079,8125,38,163,45
2023-01-07,7625,544,3008,52.455,8670,12330,1,3,2208,4912,44,143,46
2023-01-08,8177,1205,3669,42.672,9142,11600,11,4,5226,6731,56,132,46
2023-01-09,10280,426,2890,74.304,11705,11110,79,0,3014,3665,41,70,46
2023-01-10,10374,715,3179,38.418,11653,11170,4,4,3437,7288,47,130,47
2023-01-11,4374,488,3876,15.876,8679,8740,2,4,1500,9104,41,130,49
2023-01-12,6988,366,3754,23.313,7991,8740,1,2,3593,9471,42,130,49
2023-01-13,11380,1268,3732,57.912,13027,8590,22,38,2413,8484,40,161,49
2023-01-14,5341,528,2992,0,6072,9040,20,19,1523,5500,44,140,49
2023-01-15,1230,42,2506,0,1391,9040,0,0,695,1046,37,99,50
2023-01-16,7760,1016,3480,18.851,8844,7510,20,36,1765,6520,40,163,49
2023-01-17,9784,517,2981,52.956,11200,7650,0,0,2577,6764,42,112,48
2023-01-18,9394,450,2930,43.176,10753,8360,0,1,942,7908,42,119,48
2023-01-19,13036,695,3175,42.672,14922,8840,0,0,2014,8777,37,120,47
2023-01-20,11625,1227,3686,35.889,13307,10060,26,32,2532,10589,38,149,46
2023-01-21,7998,641,3106,29.267,8965,10710,16,16,2218,6598,39,147,45
2023-01-22,5977,720,3221,31.033,6737,10540,8,30,1677,5270,34,165,43
2023-01-23,9038,456,2936,33.772,10323,9780,0,0,2147,6460,35,115,42
2023-01-24,9922,912,3389,26.065,11277,9840,32,25,3239,7324,38,138,42
2023-01-25,13267,1217,3681,43.656,12237,10130,14,51,2117,8712,36,174,40
2023-01-26,16227,1269,3732,62.733,14500,10560,95,74,2184,7192,40,172,40
2023-01-27,9367,456,2937,28.723,10714,11350,1,2,1517,9115,42,125,40
2023-01-28,10878,749,3221,15.24,12340,11290,13,22,2357,8368,36,152,40
2023-01-29,8895,871,3337,35.212,10182,11400,13,29,1160,7535,37,167,41
2023-01-30,15001,1341,3807,42.786,12870,11280,23,69,2902,10014,37,174,41
2023-01-31,13589,1192,3663,52.066,11542,11440,10,66,1998,5148,39,166,41
2023-02-01,13987,1022,3488,51.816,15966,11460,25,13,3897,12288,38,129,42
2023-02-02,14333,990,3443,44.831,12982,11460,13,57,3983,8673,38,168,41
2023-02-03,11326,435,2893,46.701,12965,11770,0,0,2384,10891,37,121,41
2023-02-04,9937,363,2834,26.613,11375,12010,0,0,1019,9479,36,115,41
2023-02-05,8314,572,3038,16.076,9339,11950,15,18,1071,6042,38,137,41
2023-02-06,14664,1192,3661,36.576,12234,11950,10,81,2528,10306,37,170,41
2023-02-07,17123,1315,3783,53.668,16239,11980,14,44,2469,13418,39,166,41
2023-02-08,10854,885,3337,39.624,12356,12840,13,17,1107,12592,42,156,42
2023-02-09,12671,622,3081,54.239,14478,12800,0,0,1677,10837,38,118,42
2023-02-10,10147,501,2961,15.24,11615,12970,0,0,2595,10220,39,108,42
2023-02-11,6678,281,2738,24.723,7644,12840,0,0,837,5399,39,112,42
2023-02-12,6493,1227,3684,29.61,7339,11800,24,40,1246,6339,36,150,42
2023-02-13,7419,323,2787,23.348,8409,10910,0,0,1880,7415,38,105,42
2023-02-14,12845,941,3401,67.472,14587,10410,20,21,3278,10900,37,144,41
2023-02-15,9180,425,2885,19.704,10491,10830,0,0,855,11821,40,101,41
2023-02-16,11428,486,2946,58.555,13081,10800,0,0,623,12738,40,107,42
2023-02-17,10509,707,3167,68.739,12030,11030,2,1,1439,9489,40,131,42
2023-02-18,8483,440,2921,48.768,9691,11230,1,2,1391,9891,41,137,43
2023-02-19,3189,160,2639,12.335,3623,11080,0,0,554,3785,38,107,43
2023-02-20,7207,651,3120,30.506,8243,9590,0,0,2202,8941,39,122,43
2023-02-21,8691,699,3168,42.672,9948,9320,2,5,1713,7605,41,142,44
2023-02-22,12166,1167,3625,70.104,13915,9390,8,28,3861,11868,40,162,44
2023-02-23,9293,543,3001,42.672,10638,10300,0,0,1588,8935,38,118,43
2023-02-24,10219,1003,3471,29.51,11669,10370,31,17,2523,11755,37,146,43
2023-02-25,6329,358,2826,27.432,7138,10630,0,0,1346,7530,45,111,43
2023-02-26,8922,733,3201,23.618,10066,10280,5,12,3132,6742,38,137,43
2023-02-27,12277,1064,3530,49.557,10843,10240,3,24,3555,6839,30,165,43
2023-02-28,12243,1177,3635,50.55,10829,10300,14,58,2817,7453,40,174,43
2023-03-01,12931,1026,3470,74.849,10833,10410,4,74,3232,8154,39,175,43
2023-03-02,13473,725,3166,79.405,15423,10500,3,5,1848,12070,41,137,43
2023-03-03,10546,750,3190,55.855,12072,11490,0,0,1460,12816,39,118,44
2023-03-04,5083,278,2731,30.48,5805,11610,0,1,458,5006,41,124,44
2023-03-05,5581,253,2693,15.66,6388,11030,0,1,2382,3061,36,107,44
2023-03-06,14520,1302,3757,27.432,11774,11030,12,82,2986,10597,47,173,45
2023-03-07,13324,1033,3487,56.879,11940,11110,5,59,3660,6653,40,172,45
2023-03-08,15476,1253,3686,40.639,14976,11280,6,45,2640,11301,40,156,44
2023-03-09,12397,699,3131,37.416,14161,12020,1,2,3081,9551,39,140,44
2023-03-10,14149,1287,3720,60.101,16060,12450,16,28,4842,12632,40,154,44
2023-03-11,8434,388,2821,10.377,9590,13180,0,2,5163,4640,40,119,43
2023-03-12,5947,228,2665,35.871,6807,13180,0,1,1560,5227,36,109,43
2023-03-13,15758,1463,3913,44.968,13776,11910,11,78,4252,11126,40,170,42
2023-03-14,9917,387,2819,15.24,11342,12100,0,0,3174,10863,39,123,42
2023-03-15,12177,1067,3492,73.152,9802,12030,10,70,2335,10009,39,165,42
2023-03-16,17984,762,3186,54.864,20536,11590,120,0,1943,12861,38,102,41
2023-03-17,11920,508,2949,40.811,13627,11590,1,1,1726,11228,40,120,42
2023-03-18,10627,472,2913,24.692,12165,12000,0,0,2410,6836,39,108,42
2023-03-19,7650,412,2861,21.953,8710,12040,3,7,2611,8014,36,128,42
2023-03-20,4254,700,3149,0,2396,11710,12,51,895,1718,36,170,42
2023-03-21,0,0,2449,0,0,9850,0,0,0,0,NA,NA,NA
2023-03-22,8965,830,3279,9.144,7872,9850,9,45,1775,7488,58,164,43
2023-03-23,9455,494,2943,33.565,10803,9460,0,0,1003,8480,39,106,43
2023-03-24,8324,534,2983,36.576,9521,9600,0,0,1115,9282,39,112,42
2023-03-25,8062,443,2892,30.493,9228,9600,0,1,1991,9773,41,108,43
2023-03-26,6701,619,3167,32.682,7671,9530,0,0,1281,5913,37,118,43
2023-03-27,14954,1315,3779,47.721,12236,9160,8,77,3466,9937,49,164,44
2023-03-28,14928,1423,3865,48.768,13305,9470,5,70,4393,11807,43,164,45
2023-03-29,9652,444,2877,31.503,11028,10240,0,0,2579,8228,42,106,45
2023-03-30,13485,702,3131,59.659,15406,10400,0,1,2671,12273,40,121,45
2023-03-31,7377,303,2727,25.389,8444,11410,0,0,1582,9845,37,99,45
2023-04-01,7157,434,2872,30.561,8193,11120,0,0,1289,9186,38,111,44
2023-04-02,5928,262,2702,17.044,6786,11120,0,0,954,4039,36,115,44
2023-04-03,15336,1278,3718,49.419,14006,10260,16,51,3246,11715,36,162,43
2023-04-04,9333,432,2872,41.591,10684,10640,0,0,2961,8615,42,109,43
2023-04-05,15682,1273,3702,38.642,14336,10640,12,65,3713,11236,39,173,42
2023-04-06,14441,1306,3730,29.27,13196,11380,3,58,4370,8314,43,172,43
2023-04-07,11950,615,3047,41.532,13589,11750,0,0,4202,11295,40,109,43
2023-04-08,0,0,729,0,0,12120,0,0,0,0,40,72,44
2023-04-10,7109,805,3270,12.548,4629,11750,6,65,432,3416,41,179,45
2023-04-11,15452,1496,3946,55.813,13338,11750,19,72,3631,8273,39,180,45
2023-04-12,14719,1040,3473,72.437,13358,11750,21,68,2375,8753,42,163,45
2023-04-13,11914,852,3281,52.77,13616,12080,0,5,3052,12201,41,126,46
2023-04-14,10072,499,2928,49.507,11516,12390,0,0,2057,11057,39,114,45
2023-04-15,10387,638,3081,41.48,11890,12310,0,1,1520,12837,39,115,45
2023-04-16,7046,317,2760,33.528,8065,12230,0,0,745,5627,38,116,44
2023-04-17,14150,667,3110,50.966,16197,11400,0,2,2919,13267,35,110,43
2023-04-18,13183,1173,3631,79.248,11463,12310,25,65,2541,12806,37,165,42
2023-04-19,9244,702,3138,36.805,10581,12310,8,11,1841,8392,43,145,42
2023-04-20,15546,1179,3615,52.382,13589,11970,5,77,1941,10793,40,173,42
2023-04-21,15944,1027,3463,48.768,18251,12140,0,3,2347,14143,42,115,42
2023-04-22,5674,307,2743,60.96,6495,13370,1,3,1366,6721,43,126,43
2023-04-23,11421,683,3119,18.686,13074,12690,1,2,2066,11088,46,123,44
2023-04-24,11422,548,2984,33.748,13049,12730,0,0,3480,9824,39,104,44
2023-04-25,13784,1183,3619,61.431,12253,12800,7,66,1813,11722,39,171,44
2023-04-26,13622,1354,3800,54.144,11842,12750,8,67,2058,8402,42,175,45
2023-04-27,14538,1149,3597,47.508,12970,12570,48,56,2468,8921,41,169,45
2023-04-28,3519,170,2620,28.698,3965,12570,0,2,538,2072,50,122,45
2023-04-29,7249,391,2846,22.772,8298,11710,0,0,1448,5914,39,114,45
2023-04-30,6242,303,2758,13.738,7145,11030,0,1,489,4752,39,113,44
2023-05-01,9842,468,2923,48.928,11266,10260,0,1,2862,7014,37,112,44
2023-05-02,7024,379,2834,49.076,8018,10360,0,0,1072,6180,38,114,44
2023-05-03,7646,503,2958,26.811,8752,10130,0,1,1347,8449,40,115,43
2023-05-04,8256,471,2926,28.845,9451,9860,0,3,1382,9277,38,115,43
2023-05-05,5294,274,2729,15.24,6027,9780,0,0,1859,4414,38,107,42
2023-05-06,9092,523,2978,22.032,10332,9030,0,1,5078,6322,40,110,42
2023-05-07,18830,2087,4542,119.91,18214,9160,13,84,1863,10587,45,165,42
2023-05-08,13044,1306,3755,65.136,11430,10970,14,61,1819,8255,41,172,43
2023-05-09,11844,1053,3501,71.96,9862,11070,8,65,3041,6023,43,176,44
2023-05-10,16193,1546,3992,52.588,14719,10950,18,65,2476,11071,41,165,44
2023-05-11,7318,295,2741,38.205,8377,11330,20,0,1040,5652,42,96,45
2023-05-12,9095,510,2948,48.969,10411,11330,0,2,2560,9095,40,121,45
2023-05-13,7053,1159,3609,16.475,8051,11150,8,51,1589,6705,37,151,45
2023-05-14,6265,309,2747,12.192,7171,10530,0,0,1200,5648,40,110,45
2023-05-15,10743,644,3107,62.594,12298,9860,0,0,2117,10648,36,119,44
2023-05-16,11351,631,3094,37.127,12993,10110,0,0,1331,12970,37,107,43
2023-05-17,11089,808,3261,35.027,12685,10690,0,0,1957,11707,37,120,42
2023-05-18,14114,924,3373,38.407,16122,11090,2,2,2611,15057,37,123,42
2023-05-19,10460,700,3149,40.745,11974,12100,0,0,2000,9211,42,128,42
2023-05-20,4209,182,2640,25.618,4808,12090,0,0,1165,3051,41,107,43
2023-05-21,307,12,2470,0,351,10640,0,0,480,120,44,77,43
2023-05-22,12565,1215,3673,33.948,10207,10640,16,75,1318,7497,50,167,45
2023-05-23,11379,690,3148,48.837,13016,10560,2,2,2459,10588,41,121,45
2023-05-24,8753,580,3038,79.342,10002,10810,1,1,1913,6303,43,122,46
2023-05-25,9128,682,3140,55.146,10436,10730,0,2,3416,6555,40,122,45
2023-05-26,10299,738,3196,45.059,11789,10680,2,2,2969,5844,38,127,45
2023-05-27,9489,948,3402,7.944,8573,10790,8,31,2430,5704,42,121,45
2023-05-28,4017,262,2716,2.197,4533,10570,0,0,1938,2920,41,120,45
2023-05-29,5889,269,2723,17.653,6733,9370,0,0,154,3482,47,124,46
2023-05-30,5674,245,2699,29.652,6495,8850,0,0,1600,1999,39,123,45
2023-05-31,9033,486,2940,45.72,10340,8380,0,0,1621,9216,39,114,45
2023-06-01,12869,1397,3851,44.596,11051,8580,12,65,1540,10412,44,165,45
2023-06-02,8944,546,3000,41.594,10229,9080,1,7,1218,7282,45,131,46
2023-06-03,7318,817,3271,7.735,6916,9310,2,29,1532,5489,40,156,46
2023-06-04,6521,892,3346,15.24,5196,9070,43,49,432,3456,83,148,46
2023-06-05,10162,1152,3609,37.481,7393,10570,38,62,2203,3948,56,174,47
2023-06-06,15625,1375,3840,44.995,13886,9940,7,68,3882,12843,44,158,47
2023-06-07,12780,822,3283,56.212,10847,10340,34,43,2020,6565,40,145,48
2023-06-08,11883,627,3088,43.287,13602,10450,0,1,1526,11385,39,119,47
2023-06-09,10058,610,3071,46.038,11435,11080,0,1,1821,10684,39,121,46
2023-06-10,15842,1562,4023,27.432,14905,11160,3,47,3019,10650,38,162,46
2023-06-11,9632,673,3134,12.192,11001,11910,0,1,2444,7609,39,120,45
2023-06-12,4609,304,2772,6.096,5269,11820,0,0,1903,5220,49,109,44
2023-06-13,9312,457,2925,40.545,10659,10510,0,0,1130,8485,45,109,45
2023-06-14,9379,764,3232,23.47,6673,10530,32,57,707,4827,39,158,44
2023-06-15,15612,1235,3703,55.601,14498,10150,14,61,2027,9834,38,173,44
2023-06-16,9199,460,2912,46.735,10530,10590,0,0,1219,8995,46,103,45
2023-06-17,10560,658,3110,35.075,12075,10590,1,5,1680,9444,41,131,45
2023-06-18,5036,473,2925,5.174,5765,10740,3,9,1474,5075,42,138,45
2023-06-19,8631,573,3025,43.528,9860,10250,3,11,1529,9862,48,138,46
2023-06-20,17552,1649,4101,86.65,20092,10180,8,17,28,14275,55,140,46
2023-06-21,25951,1538,3990,61.078,29623,10570,28,7,862,18155,52,158,47
2023-06-22,6560,511,2963,52.782,7509,12570,0,2,1309,5405,47,120,49
2023-06-23,10453,1141,3593,64.008,10482,10570,12,25,874,8992,41,163,49
2023-06-24,10230,1716,4168,28.054,6206,10560,14,81,952,6471,45,156,50
2023-06-25,10989,625,3077,49.567,12172,9690,59,11,462,8087,42,147,50
2023-06-26,12906,521,2973,22.602,14773,9940,111,0,1400,8604,NA,NA,NA
2023-06-27,20081,1198,3650,98.58,22384,10910,91,19,2659,12432,66,168,51
2023-06-28,16990,1278,3730,79.248,19407,12910,5,7,2144,12217,44,139,50
2023-06-29,7789,344,2796,44.246,8801,14210,0,0,1215,5560,42,115,48
2023-06-30,11159,1132,3584,84.137,10828,13670,0,37,904,11446,44,156,49
2023-07-01,14724,759,3211,78.417,16803,13110,0,0,1631,11039,44,120,49
2023-07-02,12720,1094,3546,26.696,14524,13480,5,21,1073,10631,37,140,48
2023-07-03,5985,510,2962,64.008,6799,13690,0,1,967,5407,40,117,47
2023-07-04,9555,400,2852,17.206,10938,13000,64,0,1564,7203,48,102,47
2023-07-05,8740,464,3890,35.464,17200,10570,55,0,6002,7886,43,111,47
2023-07-06,14597,1078,3557,64.008,13052,11240,9,69,2604,6987,39,168,47
2023-07-07,13129,1387,3855,19.479,14951,11610,12,32,2129,14593,43,160,46
2023-07-08,9121,783,3277,5.038,6677,12280,32,27,2250,5248,42,130,47
2023-07-09,2046,80,2555,3.048,2268,11720,0,0,944,1827,41,90,48
2023-07-10,8450,533,3008,20.178,9546,9830,0,0,2280,6968,37,112,46
2023-07-11,13890,1092,3573,57.051,11871,9780,26,74,1166,10707,38,163,45
2023-07-12,14056,989,3421,37.311,13530,9990,12,40,2047,12039,40,150,44
2023-07-13,19329,1294,3780,56.461,18431,10700,10,60,2872,12633,39,162,44
2023-07-14,7989,729,3210,29.553,9123,12250,26,21,1042,7335,41,144,44
2023-07-15,12279,1006,3489,86.157,13964,11940,29,14,2321,9318,36,140,43
2023-07-16,8637,471,2954,23.248,9874,12150,0,1,282,7945,37,115,41
2023-07-17,9435,416,2907,46.929,10800,11930,0,0,2036,8177,39,106,42
2023-07-18,14306,1229,3719,38.838,12140,11710,20,64,2108,9981,34,167,41
2023-07-19,13873,568,3058,60.327,15856,11760,1,4,1829,8814,38,133,40
2023-07-20,12034,1054,3522,44.63,10143,12580,18,55,2146,7748,36,170,40
2023-07-21,15461,625,3093,60.96,17658,12340,0,0,1953,8974,40,119,39
2023-07-22,15722,1386,3862,104.469,14724,12880,28,50,3341,11176,42,141,40
2023-07-23,6465,249,2732,25.643,7385,13250,0,0,1065,5455,37,112,40
2023-07-24,13276,980,3462,50.524,11758,12670,9,50,2214,7761,37,164,40
2023-07-25,14988,992,3457,46.285,13430,12490,9,52,1826,12561,36,164,40
2023-07-26,12581,874,3326,61.067,11190,12590,13,47,2169,9737,36,162,40
2023-07-27,9595,416,2875,50.235,10971,12450,0,0,1699,8771,36,110,40
2023-07-28,10544,524,2979,56.806,12004,12160,0,1,2690,8823,37,111,40
2023-07-29,8555,1240,3720,18.288,4896,12130,11,66,714,4598,45,162,40
2023-07-30,9112,836,3308,32.505,10150,10690,7,30,1756,7783,42,156,40
2023-07-31,7870,383,2848,42.672,9009,10590,0,1,1185,10345,36,111,40
2023-08-01,12638,887,3342,26.152,12933,10280,29,13,2921,12040,34,124,39
2023-08-02,16458,1415,3859,115.009,18839,10550,24,31,1981,13716,36,167,39
2023-08-03,9999,283,2730,79.538,11446,12210,0,0,1937,11309,34,111,39
2023-08-04,10592,448,2901,75.526,12124,12140,0,0,2910,9699,35,102,39
2023-08-05,11810,1297,3688,41.834,11285,12140,11,49,1998,10650,38,144,38
2023-08-06,8218,1094,3555,22.119,6152,11970,2,55,1145,4981,43,166,38
2023-08-07,12682,839,3300,77.848,11027,10810,10,55,1534,9067,37,167,38
2023-08-08,14045,1084,3539,82.663,12589,10840,6,66,1313,11188,37,165,39
2023-08-09,14577,775,3217,81.185,16661,11190,0,0,2740,14510,37,111,39
2023-08-10,11877,503,2945,53.904,13533,12290,0,0,2338,8302,39,114,40
2023-08-11,9464,410,2863,29.036,10833,12540,0,0,1599,10249,37,111,40
2023-08-12,45,4,2450,0,51,12370,0,0,0,242,36,82,40
2023-08-13,3591,153,2606,12.499,3977,12370,0,0,2348,2402,43,104,40
2023-08-14,7706,215,2665,54.864,8804,10700,0,0,2108,6489,36,105,40
2023-08-15,9059,551,2999,36.576,10362,10320,1,1,1479,7883,34,120,39
2023-08-16,12390,790,3238,44.963,11029,10330,12,47,1524,7078,43,166,40
2023-08-17,7991,230,2687,22.102,9147,10470,0,0,2383,11513,32,90,40
2023-08-18,6766,280,2726,25.177,7745,10340,0,0,890,7386,37,103,40
2023-08-19,45717,1275,3739,9.144,13801,9830,73,4,3383,11384,37,120,40
2023-08-20,0,0,2464,0,0,10230,0,0,0,0,72,79,NA
2023-08-21,NA,0,2464,0,NA,10230,0,0,0,0,74,74,NA
2023-08-22,12534,937,3401,58.45,12294,10230,12,42,2549,9796,47,163,42
2023-08-23,14940,1243,3681,35.934,13970,10440,4,51,3143,11226,38,165,41
2023-08-24,12097,599,3035,35.519,13837,11150,0,0,2349,12310,40,111,42
2023-08-25,14736,749,3208,32.288,16868,11690,1,2,3158,11848,40,122,42
2023-08-26,2271,112,2577,0,2599,12730,0,0,739,2075,41,100,43
2023-08-27,11000,537,3002,42.672,12592,11720,0,0,623,8320,32,109,43
2023-08-28,15118,1071,3536,63.33,14491,11810,6,49,1358,12294,51,164,44
2023-08-29,16095,1240,3703,52.884,14233,12350,18,67,2040,12889,41,178,43
2023-08-30,15633,1180,3643,45.901,17696,12730,6,24,2626,16031,39,167,43
2023-08-31,13972,1140,3600,24.384,12629,13730,5,51,538,3848,59,110,44
2023-09-01,10291,534,2994,23.119,11780,13620,0,2,1385,10163,44,116,44
2023-09-02,10407,1051,3530,20.167,11756,13260,14,38,2654,9000,41,198,45
2023-09-03,9293,541,3004,28.892,10637,12960,0,0,1245,8846,40,119,44
2023-09-04,8192,490,2953,40.171,9184,12500,0,0,2205,7671,39,115,44
2023-09-05,4741,174,2637,30.48,5422,11840,0,0,1117,4965,36,95,43
2023-09-06,9577,584,3034,55.795,10947,10560,0,0,2234,10607,35,116,43
2023-09-07,14288,1055,3496,21.507,14927,10600,2,30,1466,14642,38,162,42
2023-09-08,10928,719,3163,26.567,12509,11470,0,0,1190,12905,39,114,42
2023-09-09,8633,408,2852,46.147,9865,11680,0,0,1376,6058,43,110,42
2023-09-10,10799,1158,3602,128.016,9960,11500,16,40,2363,9023,39,138,42
2023-09-11,9736,371,2839,34.308,11145,11200,0,1,948,9025,38,101,42
2023-09-12,11984,1289,3757,53.908,13587,11190,17,38,1348,12814,38,153,42
2023-09-13,8676,378,2839,29.096,9931,11430,0,1,1251,7591,36,106,43
2023-09-14,16896,1243,3708,53.669,15763,11280,9,65,1555,12556,38,184,42
2023-09-15,7665,336,2793,43.454,8773,11730,0,0,2013,7275,39,103,43
2023-09-16,7,0,2450,0,8,11440,0,0,0,34,36,76,41
2023-09-17,9195,937,3387,99.198,8308,11440,19,36,1252,6397,45,146,42
2023-09-18,2665,99,2549,23.764,3051,10820,0,0,365,1913,42,98,42
2023-09-19,13160,788,3241,35.897,15064,9270,0,2,2492,9559,40,122,42
2023-09-20,8446,468,2932,34.136,9643,9850,0,5,631,7664,40,116,43
2023-09-21,11162,1203,3655,47.316,12518,9830,15,34,2674,9145,38,165,44
2023-09-22,12070,1130,3582,38.799,13816,10100,6,38,1125,12761,38,155,43
2023-09-23,9723,1289,3738,47.302,8143,10850,17,51,2327,7348,40,159,44
2023-09-24,4394,806,3271,8.468,4769,10580,16,34,2387,2772,34,154,43
2023-09-25,9240,469,2915,37.724,10577,9420,0,0,1254,7608,37,115,42
2023-09-26,10094,981,3436,28.602,11372,9540,10,29,2171,8519,38,166,42
2023-09-27,10477,734,3184,27.75,11956,9910,0,2,2393,11263,37,119,41
2023-09-28,6387,262,2714,24.384,7311,10320,0,0,1728,6302,38,105,41
2023-09-29,7294,358,2827,25.413,8349,10020,0,0,1135,9437,34,112,40
2023-09-30,9237,1104,3573,34.548,10402,9690,12,39,3751,8567,35,164,39
2023-10-01,7613,1039,3500,31.989,8577,9770,4,42,2652,7970,36,162,40
2023-10-02,7084,393,2845,33.528,8068,9650,0,0,2048,8257,39,116,40
2023-10-03,10688,622,3065,36.885,12234,9340,0,0,1787,10518,35,111,40
2023-10-04,647,35,2485,0,741,9630,0,0,709,450,36,97,39
2023-10-05,8822,572,3015,54.864,10077,9630,1,2,2194,8740,38,122,39
2023-10-06,14655,1554,4028,67.056,16768,9680,16,39,2467,12083,39,165,39
2023-10-07,14210,567,3041,121.001,16242,11100,0,1,1372,8622,42,110,41
2023-10-08,11333,572,3046,104.853,11417,12130,101,2,2352,5720,36,119,41
2023-10-09,5429,546,3020,13.419,6161,12060,4,4,2521,4574,46,124,41
2023-10-10,12800,1458,3926,36.868,14404,10880,22,32,2869,13899,37,157,41
2023-10-11,12153,1301,3769,38.809,9659,11240,18,83,3762,9215,41,172,42
2023-10-12,14220,674,3146,114.509,16246,11090,0,0,2454,12367,41,110,43
2023-10-13,10787,842,3314,32.593,12148,11610,10,24,2529,8379,38,157,43
2023-10-14,3984,209,2681,14.323,4561,11720,0,0,248,2971,39,119,43
2023-10-15,10320,944,3412,26.495,8705,11010,18,34,2885,6815,38,137,43
2023-10-16,6196,247,2715,27.432,7093,10550,0,0,1671,5929,42,104,44
2023-10-17,14418,1578,4046,47.496,13977,9860,12,41,2746,14593,39,150,44
2023-10-18,9036,1122,3601,18.288,10090,10280,16,40,2866,8894,40,158,43
2023-10-19,10204,616,3087,32.121,11646,10270,0,1,2555,9591,40,115,43
2023-10-20,11611,758,3234,25.983,13277,10410,3,3,3896,7050,40,129,43
2023-10-21,3196,168,2644,0,3658,10990,0,0,968,3945,38,107,43
2023-10-22,3551,195,2671,0,4057,10260,0,0,793,4679,37,106,43
2023-10-23,4155,542,3018,0,2670,9020,5,43,1050,2939,49,174,43
2023-10-24,12632,1211,3687,134.551,11833,7750,34,61,1175,10026,47,169,44
2023-10-25,11623,895,3371,15.24,10788,8160,14,39,3598,5784,42,163,44
2023-10-26,10017,1017,3498,40.478,11244,8690,20,33,1529,9106,43,148,45
2023-10-27,8647,554,3035,31.292,9884,9200,0,1,1150,8078,42,113,45
2023-10-28,20123,1015,3496,200.396,23022,9340,4,13,1030,15230,40,147,45
2023-10-29,12220,636,3117,71.823,13988,11340,0,0,1399,10686,39,111,46
2023-10-30,9396,351,2832,41.038,10662,11870,0,0,1338,5634,41,109,45
2023-10-31,9931,535,3020,28.235,11368,11750,0,1,2803,8418,39,115,45
2023-11-01,7799,482,2956,31.467,8839,11680,0,0,2059,6856,33,114,44
2023-11-02,14229,1782,4254,26.447,16057,11120,13,39,3099,14259,38,164,43
2023-11-03,8457,559,3033,34.461,9680,11620,0,0,977,8290,42,121,43
2023-11-04,11282,754,3228,21.336,12890,11430,0,2,5850,5970,37,117,43
2023-11-05,3726,188,2662,24.918,4237,11580,0,0,1084,3339,38,109,43
2023-11-06,14022,1228,3702,35.009,12057,10570,13,68,1625,9284,38,174,42
2023-11-07,14337,1132,3606,50.923,12903,10720,17,54,3816,13420,44,166,43
2023-11-08,14994,1255,3745,76.616,12922,11160,10,74,1372,10335,44,166,44
2023-11-09,11832,526,2995,26.616,13474,11520,0,0,3170,13562,40,112,45
2023-11-10,12231,1113,3585,67.502,13726,11910,16,33,1697,14255,38,167,44
2023-11-11,5260,821,3280,7.085,6011,12280,9,26,1434,7023,36,159,44
2023-11-12,10723,525,3000,40.058,12209,11660,1,2,3998,6985,36,127,44
2023-11-13,15178,1360,3840,31.498,13729,11720,28,67,1473,13042,39,175,44
2023-11-14,13991,1014,3485,42.672,12386,12130,35,66,1904,9854,41,162,43
2023-11-15,5076,174,2645,9.144,5810,12190,0,0,1905,6353,40,99,42
2023-11-16,6636,412,2883,0,7596,11560,0,0,1988,7508,39,107,42
2023-11-17,13150,1331,3802,20.299,12467,10770,11,56,997,12087,40,178,42
2023-11-18,11183,719,3190,12.954,11209,10940,2,34,870,10520,42,166,43
2023-11-19,6991,428,2899,14.404,8003,11000,0,2,1205,10026,43,127,44
2023-11-20,14373,1033,3512,26.677,12909,10700,10,61,1669,10014,46,169,44
2023-11-21,15489,1104,3576,27.432,14333,10920,3,62,2428,12370,41,166,44
2023-11-22,8560,390,2850,22.848,9713,11610,0,0,1498,8546,38,115,44
2023-11-23,4637,590,3045,15.24,5065,11420,0,2,3153,4079,38,124,44
2023-11-24,15457,1432,3919,119.076,15169,10150,24,35,3895,11897,41,147,44
2023-11-25,15515,1223,3709,45.727,17347,10660,18,27,5590,10372,39,156,44
2023-11-26,13708,1105,3591,27.432,15417,12000,20,37,2620,12008,38,160,43
2023-11-27,13003,1038,3523,36.642,10883,12690,19,57,1712,9147,38,167,43
2023-11-28,14144,1124,3592,71.355,12882,12510,15,55,2691,11243,41,173,43
2023-11-29,15452,1075,3538,70.104,14054,12550,15,57,2439,11256,40,177,43
2023-11-30,10115,481,2944,56.183,11571,12850,0,0,1396,10873,39,109,43
2023-12-01,8373,432,2887,32.161,9501,12730,0,0,2038,10712,38,113,43
2023-12-02,18734,857,3328,51.816,21369,12090,0,1,3845,15651,36,112,42
2023-12-03,4511,440,2911,9.229,5151,13020,0,2,871,5078,36,117,42
2023-12-04,9235,329,2812,55.696,10519,12240,0,0,1854,8144,38,109,42
2023-12-05,14617,1217,3685,42.933,12917,11900,27,66,2630,9468,38,169,41
2023-12-06,12813,1041,3502,45.72,11128,12010,14,62,3051,7345,39,155,41
2023-12-07,14806,692,3156,40.983,16948,11930,0,3,4517,9633,37,125,41
2023-12-08,12559,1035,3506,53.001,14295,12440,18,36,1512,8968,35,159,41
2023-12-09,7989,876,3339,18.91,8960,12820,13,26,2712,7369,39,158,41
2023-12-10,1589,132,2592,0,1819,12440,0,1,375,1939,45,103,42
2023-12-11,10700,732,3200,64.104,12231,10320,0,2,3006,8271,47,113,43
2023-12-12,8028,427,2892,50.019,9160,10520,0,0,1701,7678,41,103,43
2023-12-13,10613,713,3178,36.584,12149,10390,3,3,1872,10853,38,126,44
2023-12-14,8212,513,2978,34.707,9334,10570,0,1,2294,6542,45,116,45
2023-12-15,6276,500,2974,18.288,7184,10450,1,4,1380,5528,37,134,45
2023-12-16,3338,193,2667,14.379,3658,9800,0,0,1654,3076,40,109,45
2023-12-17,10383,560,3036,27.682,11819,8580,0,0,3840,7146,37,113,44
2023-12-18,14503,1422,3903,46.863,13153,8910,22,61,1411,10232,38,170,44
2023-12-19,12655,928,3409,17.571,10801,9760,11,60,1759,7572,43,153,44
2023-12-20,12213,1423,3911,59.136,11634,9970,7,50,1441,10710,41,155,44
2023-12-21,10036,632,3120,35.669,11461,10310,1,3,3097,9135,42,125,43
2023-12-22,7916,352,2840,16.534,9061,10540,0,0,1117,7698,43,105,45
2023-12-23,4816,284,1735,12.192,5259,10400,1,6,433,3590,38,169,44
2023-12-24,10153,596,3084,47.603,11479,9380,0,1,4574,9073,38,105,45
2023-12-25,8571,465,2953,51.816,9800,9590,0,2,1563,6465,42,119,45
2023-12-26,6677,662,3150,34.437,7632,9640,1,7,2214,6293,41,136,45
2023-12-27,10611,1184,3672,58.906,10273,9440,14,56,2813,6525,43,172,45
2023-12-28,10494,605,3093,49.215,12012,9530,0,2,2800,6198,43,116,45
2023-12-29,14388,1480,3968,103.632,14107,10030,18,64,3611,8146,42,184,45
2023-12-30,13341,697,3185,69.234,15271,10850,0,3,1740,11497,47,109,46
2023-12-31,11717,448,2936,31.527,13412,11740,0,0,2747,9465,41,103,46
2024-01-01,10290,420,2902,62.553,11763,12080,0,0,2894,6834,41,114,46
2024-01-02,15142,1511,3993,80.521,14761,12050,24,61,3944,9515,43,175,46
2024-01-03,335,20,2502,0,321,12330,0,0,479,375,48,86,47
2024-01-04,10355,882,3364,76.914,9433,12330,20,46,2181,6381,42,174,46
2024-01-05,8831,433,2915,60.96,10109,11750,2,4,2692,6220,44,130,47
2024-01-06,9336,518,3000,36.576,10488,11430,0,2,1450,7229,39,118,46
2024-01-07,4772,327,2809,36.576,5411,11250,0,3,995,3773,40,123,46
2024-01-08,6727,599,3081,58.426,7700,10090,3,6,2210,4098,39,124,45
2024-01-09,8805,752,3234,52.481,10063,9620,0,9,1337,7114,47,120,46
2024-01-10,12065,802,3284,76.2,13806,9670,1,5,4363,6076,40,126,45
2024-01-11,12952,1266,3748,58.248,14688,10500,10,21,4685,11889,39,137,45
2024-01-12,6802,313,3829,14.622,13208,10990,3,9,1102,10877,42,136,46
2024-01-13,6627,379,2861,0,7566,10570,1,3,877,7083,39,165,46
2024-01-14,6276,299,2781,0,6969,9970,0,0,4347,4681,40,101,46
2024-01-15,2709,106,2588,3.048,3058,9370,0,0,929,2939,38,101,45
2024-01-16,12504,1136,3611,24.447,9978,8110,8,89,2055,6638,39,173,45
2024-01-17,12333,1222,3699,22.095,9915,8300,15,63,2584,7754,38,172,46
2024-01-18,15010,1421,3889,29.465,14398,8630,11,53,1139,1268,49,171,46
2024-01-19,10921,598,3056,34.495,12501,9790,0,1,3049,8838,43,117,46
2024-01-20,6250,864,3335,9.933,6950,10340,24,40,2097,6280,40,163,46
2024-01-21,3397,557,3025,7.865,3889,10010,7,25,982,3645,38,158,45
2024-01-22,11838,837,3313,30.997,11997,8790,4,33,2936,8969,36,169,45
2024-01-23,10663,1128,3605,10.925,8778,9110,10,66,2262,6316,38,166,44
2024-01-24,8842,464,2950,53.713,10095,9080,0,2,2742,6265,42,118,43
2024-01-25,12891,1097,3577,12.192,11539,9190,3,58,3263,5920,38,158,42
2024-01-26,9096,462,2933,18.288,10393,9660,2,2,1166,7468,40,125,42
2024-01-27,12311,701,3172,16.319,14078,9810,0,0,4170,6650,39,114,42
2024-01-28,7086,314,2785,70.868,8033,10670,0,0,2396,4868,39,113,42
2024-01-29,12544,1049,3539,25.454,10799,10410,8,60,3241,6583,37,181,42
2024-01-30,7377,336,2815,36.576,8354,10450,0,0,5201,5345,39,97,42
2024-01-31,14053,1595,4071,40.331,10807,10240,4,73,1965,9712,38,168,42
2024-02-01,4775,901,3370,3.048,5157,10300,22,48,1166,4973,43,204,42
2024-02-02,8858,310,2787,18.956,10140,9790,0,0,3306,5772,37,98,42
2024-02-03,9233,728,3198,47.233,10452,9830,21,19,3601,7835,38,147,42
2024-02-04,3899,126,2603,12.884,4281,9960,0,1,2178,2351,38,94,42
2024-02-05,4995,225,2701,25.988,5718,9400,0,1,2699,4078,35,102,41
2024-02-06,12112,1071,3536,41.697,10732,8670,10,60,4715,6062,37,163,41
2024-02-07,12228,1109,3579,24.74,9483,8880,8,70,3758,5440,40,170,42
2024-02-08,13349,818,3288,43.363,12156,9000,7,52,1977,12372,40,160,41
2024-02-09,11204,1075,3545,49.861,12520,9640,9,35,4873,12376,38,162,42
2024-02-10,12047,660,3137,51.816,13790,10220,10,16,1590,9569,40,141,43
2024-02-11,8960,537,3014,70.37,9917,10940,0,6,1293,7931,38,124,42
2024-02-12,14505,1060,3543,32.747,13168,10840,13,61,2711,9597,36,182,43
2024-02-13,10129,332,2813,52.014,11595,11080,0,0,3521,7421,40,99,43
2024-02-14,10518,527,3008,38.228,12040,11190,0,2,4915,7756,39,118,42
2024-02-15,14523,1043,3514,23.57,12447,11360,12,72,4104,7243,38,210,42
2024-02-16,9231,429,2739,38.61,10567,11580,0,2,1976,8543,38,124,42
2024-02-17,10010,727,3198,50.633,11222,11490,23,15,4980,9450,37,139,42
2024-02-18,21255,2199,4662,1221.038,28714,11440,130,93,2836,20032,39,161,43
2024-02-19,3330,168,2631,20.607,3812,13170,0,0,868,3553,41,105,43
2024-02-20,8243,253,2716,23.491,9410,12240,0,0,1892,4507,36,101,43
2024-02-21,12505,750,3233,16.611,10174,11680,5,67,3237,9222,37,171,43
2024-02-22,14146,989,3457,49.353,12301,11380,16,61,3482,8081,39,180,42
2024-02-23,15328,611,3065,27.76,17313,11480,0,2,1997,9478,39,124,42
2024-02-24,7115,287,2761,20.114,8144,12650,0,0,2735,5797,39,105,42
2024-02-25,5539,234,2699,3.048,6289,12200,0,1,1902,4306,36,110,42
2024-02-26,7583,252,2732,24.934,8655,11020,0,0,2169,6222,36,103,41
2024-02-27,13564,921,3391,27.765,11143,10550,10,74,2248,8167,36,165,41
2024-02-28,13593,1060,3519,16.313,11516,10610,4,69,3883,8267,38,170,41
2024-02-29,13322,1062,3517,49.555,11678,10800,4,68,2630,9183,37,172,41
2024-03-01,12192,638,3085,44.591,13908,10980,0,2,5544,7980,38,113,40
2024-03-02,8063,890,3344,23.659,8972,11570,16,31,3555,6714,39,161,40
2024-03-03,10532,1022,3474,30.872,12035,11310,14,42,2582,8996,38,155,41
2024-03-04,13166,1060,3523,49.376,10863,11390,5,66,1414,10882,44,167,41
2024-03-05,12847,754,3206,41.599,11503,11340,12,53,1933,6554,37,163,42
2024-03-06,13027,778,3236,52.274,11181,11360,15,56,2528,8753,45,160,42
2024-03-07,2792,481,2939,0,3122,11350,17,24,1543,2254,37,144,42
2024-03-08,1780,114,2566,3.21,2038,9710,1,1,288,1833,38,133,42
2024-03-09,8929,736,3195,10.139,10213,8180,14,21,3405,8955,39,154,42
2024-03-10,9244,920,3270,34.415,10482,10570,34,26,1226,8172,37,161,42
2024-03-11,6127,230,2691,38.709,6961,10570,0,0,1062,7919,46,100,42
2024-03-12,8006,334,2787,29.193,9156,9850,0,0,2904,6028,38,114,42
2024-03-13,16886,1175,3630,25.407,15113,9720,13,65,4386,8126,38,171,41
2024-03-14,14607,516,2988,55.673,16712,10260,0,0,2969,11416,40,99,41
2024-03-15,8080,286,2738,6.543,9234,11550,0,1,1630,8741,37,103,41
2024-03-16,5819,226,2681,14.011,6596,11320,0,0,733,4756,39,101,41
2024-03-17,12828,581,3053,107.539,14645,10380,0,0,1512,12106,40,121,42
2024-03-18,14138,1017,3488,33.528,12019,10810,3,73,3436,10208,38,171,41
2024-03-19,14407,914,3372,30.771,12316,11060,13,65,4496,9345,39,157,42
2024-03-20,16722,884,3342,51.816,14802,11320,12,68,2777,11977,42,159,43
2024-03-21,6584,219,2677,13.499,7537,12020,0,0,1587,6553,38,111,43
2024-03-22,11698,962,3412,47.682,13136,11580,23,30,3923,9423,38,143,43
2024-03-23,8445,482,2931,24.977,9633,11740,11,17,4795,6814,37,151,42
2024-03-24,2964,182,2639,0,3375,11530,0,5,1562,2252,35,125,41
2024-03-25,9244,704,3161,11.086,7890,9900,4,50,1584,7312,38,168,41
2024-03-26,5815,483,2940,0,4055,9500,5,45,1278,3616,36,155,40
2024-03-27,7266,484,2941,6.096,5642,8420,5,47,2923,5046,43,160,40
2024-03-28,8186,366,2851,30.48,9370,7870,0,1,3392,8771,40,101,40
2024-03-29,3367,596,3071,9.144,3823,8020,36,18,1915,3240,42,132,41
2024-03-30,2938,592,3053,5.428,3345,7600,9,36,1183,2634,63,180,42
2024-03-31,NA,0,2461,0,NA,6750,0,0,0,0,NA,NA,NA
2024-04-01,13273,913,3376,35.072,11930,6750,8,54,1951,11442,44,167,44
2024-04-02,13631,922,3385,25.275,11892,7270,18,58,3463,7497,41,160,45
2024-04-03,11834,586,3043,46.844,13459,8200,0,0,5662,9386,39,123,44
2024-04-04,12779,687,3141,18.288,14608,9260,0,0,2644,12796,39,106,44
2024-04-05,9606,486,2940,40.421,10945,10330,0,0,3364,5622,40,113,45
2024-04-06,3354,145,2625,3.048,3839,10460,0,1,2066,1809,36,96,45
2024-04-07,9039,1029,3489,25.285,10073,9800,26,36,2864,5993,38,155,44
2024-04-08,14115,1055,3514,52.301,12427,9830,16,56,3227,8471,40,168,44
2024-04-09,14175,1225,3691,34.064,12600,10350,9,61,3363,7526,40,168,44
2024-04-10,10026,673,3139,38.659,11472,10800,1,1,3077,7493,40,122,45
2024-04-11,14646,787,3239,91.9,16743,10940,2,2,1502,11085,43,123,46
2024-04-12,8376,493,2954,36.576,9549,12100,0,3,1683,6958,40,119,45
2024-04-13,16280,1284,3745,329.783,19440,11850,102,20,1388,13922,40,125,45
2024-04-14,8244,423,2884,30.622,9333,12610,0,2,3002,4761,39,116,46
2024-04-15,17653,1611,4081,57.174,16553,12290,29,93,4330,12016,41,185,46
2024-04-16,7288,359,2816,58.075,8325,12720,27,0,689,5447,37,110,44
2024-04-17,10253,777,3231,36.961,11728,12280,0,0,2608,10297,42,114,44
2024-04-18,10703,451,2923,40.332,12232,12170,0,0,890,10214,38,103,44
2024-04-19,11362,844,3318,41.073,13006,12180,2,5,2414,10558,37,131,43
2024-04-20,7647,407,2865,12.192,8736,12350,1,2,2002,6469,39,130,43
2024-04-21,5946,591,3049,5.45,6799,11990,2,4,1483,6200,36,118,43
2024-04-22,9984,644,3102,59.779,11399,10960,0,1,2871,9895,40,114,42
2024-04-23,10633,629,3077,53.126,12106,11010,0,2,4087,9538,38,113,43
2024-04-24,4745,266,2709,22.74,5306,11230,0,0,1572,4646,35,112,42
2024-04-25,8750,701,3138,8.058,10006,10640,0,2,3036,11815,35,111,41
2024-04-26,15301,1333,3768,57.912,17515,10520,7,25,4965,10882,36,155,41
2024-04-27,3838,653,3100,7.315,4148,11220,20,35,1364,2827,39,178,41
2024-04-28,6240,325,2773,28.998,7028,10520,0,1,1583,6647,38,108,41
2024-04-29,7447,503,2951,9.144,8440,9830,8,0,1068,10664,37,110,40
2024-04-30,7357,386,2813,32.434,8399,9560,0,2,3525,4616,36,116,40
2024-05-01,14165,960,3406,27.432,12979,9330,27,47,3275,11137,38,149,40
2024-05-02,64,2,863,0,73,9700,0,0,240,0,39,73,41
2024-05-05,NA,NA,NA,NA,NA,NA,NA,NA,NA,NA,NA,NA,NA
2024-05-06,NA,NA,NA,NA,NA,NA,NA,NA,NA,NA,NA,NA,NA
2024-05-07,NA,NA,NA,NA,NA,NA,NA,NA,NA,NA,NA,NA,NA
2024-05-08,NA,NA,NA,NA,NA,NA,NA,NA,NA,NA,NA,NA,NA
2024-05-09,14581,1094,3535,41.951,13196,9700,7,66,3159,11337,43,164,43
2024-05-10,12661,568,3003,14.607,14435,9700,0,2,1740,11232,39,127,44
2024-05-11,6794,869,3321,14.262,7411,9700,9,44,3318,6441,35,163,43
2024-05-12,8538,375,2812,32.882,9579,9700,0,0,1632,5637,36,115,43
2024-05-13,10690,400,2854,51.816,12201,9700,0,0,4078,5927,36,103,43
2024-05-14,16771,1104,3558,24.384,16005,9700,12,65,5736,9057,35,167,42
2024-05-15,11687,876,3320,41.195,10426,9700,18,48,2394,7924,38,170,43
2024-05-16,10269,466,2910,23.01,11755,9700,0,0,4587,9917,38,95,40
2024-05-17,11161,667,3105,21.796,12771,9700,0,4,3454,10984,38,116,40
2024-05-18,8767,536,2986,94.958,10035,9700,0,3,885,8650,40,125,40
2024-05-19,7458,267,2738,22.222,8497,9700,0,0,2202,4544,37,105,40
2024-05-20,9385,488,2936,36.576,10683,9700,0,1,4715,5463,35,111,40
2024-05-21,9476,624,3072,25.794,10847,9700,0,0,3773,6661,37,115,40
2024-05-22,9196,633,3068,47.044,10527,9700,0,2,4217,5646,34,115,39
2024-05-23,6706,298,2733,17.104,7633,9700,29,0,2112,2898,37,98,40
2024-05-24,15078,604,3039,70.104,17259,9700,102,0,5176,4899,NA,NA,NA
2024-05-25,22,0,2435,0,25,9700,0,0,0,30,NA,NA,NA
2024-05-26,7814,442,2888,19.239,8900,9700,4,1,2342,5924,43,133,40
2024-05-27,1178,73,2519,3.083,1328,9700,0,0,780,1484,37,94,40
2024-05-28,10970,901,3347,21.46,12479,9700,1,4,3934,10345,35,121,40
2024-05-29,14096,1355,3808,35.644,12794,9700,12,51,2270,9779,41,172,41
2024-05-30,11863,933,3393,12.192,10993,9700,17,44,3717,8001,42,163,42
2024-05-31,9871,485,2939,25.2,11299,9700,16,0,1571,9240,42,117,43
2024-06-01,10427,1167,3630,30.752,11873,9700,5,34,2783,8552,40,165,42
2024-06-02,3954,919,3383,5.3420000000000005,4364,9700,6,50,1430,4262,39,159,42
2024-06-03,7649,466,2929,4.846,8756,9700,0,1,1902,7249,38,106,43
2024-06-04,6493,515,2963,41.547,7433,9700,0,1,1089,6910,38,119,43
2024-06-05,12408,1188,3649,14.091,12055,9700,12,52,1440,11146,41,162,43
2024-06-06,7313,722,3183,11.347,8326,9700,0,5,1774,9625,42,129,44
2024-06-07,8604,494,2959,18.288,9837,9700,0,0,504,9473,40,107,43
2024-06-08,5662,342,2819,5.285,6317,9700,0,1,1972,5115,39,110,43
2024-06-09,9497,632,3109,10.107,10871,9700,0,2,1661,9956,39,114,43
2024-06-10,12115,954,3431,26.256,13570,9700,7,29,1842,9743,37,164,43
2024-06-11,13394,1396,3873,27.432,11510,9700,6,85,1798,8884,40,171,43
2024-06-12,14213,1096,3554,30.592,12098,9700,14,60,2645,10922,40,169,43
2024-06-13,15024,1012,3478,26.351,14975,9700,5,46,2604,8795,40,158,42
2024-06-14,10879,512,2977,39.624,12435,9700,0,0,942,9806,39,106,42
2024-06-15,7795,1108,3568,12.192,8658,9700,18,38,1517,7898,51,169,43
2024-06-16,4931,988,3447,4.092,5516,9700,19,27,2708,5415,39,135,43
2024-06-17,8763,460,2930,62.542,10031,9700,0,0,757,8838,41,101,44
2024-06-18,13649,1002,2967,46.426,11469,9700,12,67,1041,7336,37,162,44
2024-06-19,2740,619,3077,13.448,3137,9700,12,25,761,4067,37,135,44
2024-06-20,6687,227,2685,27.472,7491,9700,0,2,1137,4867,38,103,43
2024-06-21,8610,431,2894,32.161,9856,9700,0,0,555,8147,37,102,42
2024-06-22,5042,640,3103,7.27,5511,9700,4,22,1018,4718,39,163,42
2024-06-23,10600,1092,3555,22.369,12121,9700,4,37,887,8535,41,169,42
2024-06-24,6033,305,2768,20.302,6836,9700,0,1,1203,7104,39,108,42
2024-06-25,6343,289,2752,11.084,7207,9700,0,0,711,5214,38,109,41
2024-06-26,7558,398,2861,30.642,8635,9700,0,0,1035,7360,38,114,41
2024-06-27,8111,500,2963,35.481,9272,9700,0,0,1596,8525,37,115,41
2024-06-28,14002,944,3407,74.015,13694,9700,2,46,2288,12715,39,163,42
2024-06-29,7520,327,2790,12.192,8557,9700,1,1,1086,8561,39,123,42
2024-06-30,4180,216,2679,22.195,4785,9700,0,1,976,3841,38,108,41
2024-07-01,10547,977,3437,24.536,7235,9700,15,71,2546,7399,35,171,41
2024-07-02,12401,864,3324,45.982,10744,9700,5,52,2944,7773,36,171,41
2024-07-03,10704,605,3045,33.96,9675,9700,9,43,1951,7958,38,167,41
2024-07-04,11632,1184,3631,5.163,9494,9700,22,44,2384,7800,38,144,41
2024-07-05,8742,425,2874,17.146,9986,9700,0,0,2290,8626,37,107,41
2024-07-06,7909,734,3187,17.51,8930,9700,20,23,743,6302,44,136,41
2024-07-07,11198,544,3001,7.024,12669,9700,0,1,2494,9305,35,106,41
2024-07-08,8322,373,2828,33.977,9504,9700,0,0,2627,7287,35,101,40
2024-07-09,12092,1055,3505,23.745,8844,9700,48,77,1331,6425,37,167,40
2024-07-10,7185,711,2255,27.432,6120,9700,0,0,1687,2730,36,99,41
2024-07-11,2926,494,494,NA,NA,NA,NA,NA,NA,NA,NA,NA,NA
2024-07-12,NA,NA,NA,NA,NA,NA,NA,NA,NA,NA,NA,NA,NA
2024-07-13,NA,NA,NA,NA,NA,NA,NA,NA,NA,NA,NA,NA,NA
2024-07-14,NA,NA,NA,NA,NA,NA,NA,NA,NA,NA,NA,NA,NA
2024-07-15,1125,49,2491,7.395,1288,9700,1,0,704,1031,40,100,41
2024-07-16,6164,376,2816,18.288,7056,9700,0,0,1784,5562,37,108,41
2024-07-17,6646,350,2790,24.384,7560,9700,0,0,2388,5706,36,106,41
2024-07-18,11823,1086,3526,28.996,9737,9700,4,57,3176,7237,34,163,39
2024-07-19,8532,660,3106,30.48,9398,9700,13,21,2378,5685,38,146,39
2024-07-20,7405,1072,3516,36.909,8427,9700,10,46,3973,3674,37,157,40
2024-07-21,14500,1332,3786,14.399,16511,9700,13,35,5846,8343,37,148,40
2024-07-22,15208,1337,3791,36.576,12641,9700,9,74,4653,7810,37,166,40
2024-07-23,8436,432,2872,28.221,9624,9700,0,0,2689,7396,38,106,40
2024-07-24,12962,999,3432,42.042,11960,9700,4,54,1615,8911,37,172,40
2024-07-25,18369,1137,3570,104.448,18393,9700,8,51,1219,13066,40,154,41
2024-07-26,10721,550,2982,12.595,12272,9700,0,5,575,10742,39,124,41
2024-07-27,6833,704,3163,9.976,7822,9700,27,26,1131,7383,41,131,41
2024-07-28,12250,894,3340,6.808,14016,9700,18,18,2281,10527,38,136,41
2024-07-29,7246,264,2710,9.858,8295,9700,0,0,1777,6227,36,90,41
2024-07-30,12564,1156,3599,31.756,10560,9700,19,78,1770,10432,35,166,40
2024-07-31,9935,889,3329,15.443,8353,9700,16,49,1167,7053,38,162,40
2024-08-01,13410,937,3374,27.49,12203,9700,2,58,2553,10904,38,161,40
2024-08-02,18243,954,3387,120.997,20882,9700,1,8,972,14693,37,138,40
2024-08-03,7626,882,3315,15.24,8422,9700,20,37,2195,7638,38,210,39
2024-08-04,9283,1016,3449,21.634,10522,9700,20,33,1364,9514,37,146,39
2024-08-05,16146,1303,3733,53.687,15483,9700,6,63,2785,13145,39,165,40
2024-08-06,12798,870,3311,46.153,11498,9700,10,56,2098,9537,37,160,40
2024-08-07,15269,1078,3508,43.87,15136,9700,11,41,2465,13797,37,152,40
2024-08-08,14829,939,3357,46.411,16954,9700,103,16,1388,11201,39,125,40
2024-08-09,11986,473,2891,35.617,13720,9700,77,0,490,7068,NA,NA,NA
2024-08-10,3565,716,3134,6.609,3806,9700,7,43,1562,2926,47,158,41
2024-08-11,12327,596,3028,25.11,14034,9700,0,0,1077,9263,36,106,41
2024-08-12,12917,602,3039,39.684,14773,9700,0,1,1105,13566,37,107,40
2024-08-13,14803,1175,3612,48.858,13125,9700,11,78,2076,10838,39,167,41
2024-08-14,13769,848,3273,43.443,13875,9700,22,39,2358,10735,36,177,41
2024-08-15,15632,1120,3558,34.224,14820,9700,6,63,2164,11571,37,164,41
2024-08-16,8249,333,2755,22.457,9410,9700,0,0,1392,9079,38,104,41
2024-08-17,3654,708,3150,46.576,4150,9700,14,14,1994,3850,39,127,40
2024-08-18,13289,536,2969,21.336,15067,9700,0,0,1655,11184,42,109,41
2024-08-19,14148,984,3415,29.083,12861,9700,6,53,1199,12894,42,164,42
2024-08-20,14832,986,3421,36.576,13144,9700,29,61,1440,10548,40,161,42
2024-08-21,15266,1222,3654,49.014,15136,9700,17,42,3307,13003,38,166,42
2024-08-22,9777,411,2836,26.251,11093,9700,0,0,901,9058,38,115,42
2024-08-23,12670,534,2956,22.795,14503,9700,0,1,1233,12840,36,116,42
2024-08-24,11656,1198,3630,9.617,13304,9700,30,42,3123,11386,38,142,42
2024-08-25,1400,87,2517,0,1602,9700,0,0,1090,1031,35,105,40
2024-08-26,12470,1032,3480,31.533,11106,9700,19,52,913,10091,34,169,39
2024-08-27,7202,305,2746,15.24,8243,9700,0,0,2561,6490,36,101,39
2024-08-28,8173,363,2794,32.714,9223,9700,0,0,1688,9205,38,104,38
2024-08-29,1448,67,2486,0,1650,9700,0,0,93,1392,49,89,39
2024-08-30,8512,435,2862,13.969,9744,9700,0,0,1171,10810,37,101,39
2024-08-31,8481,768,3215,23.685,9708,9700,34,15,2442,7345,36,134,39
2024-09-01,13322,607,3040,7.524,15250,9700,0,0,638,12760,37,111,40
2024-09-02,7246,779,3076,44.787,7922,9700,8,32,2177,6755,42,152,41
2024-09-03,8626,330,2765,16.648,9874,9700,0,0,645,5439,36,115,41
2024-09-04,9679,459,2881,24.384,11059,9700,0,1,1697,11043,35,109,41
2024-09-05,16064,1304,3731,36.576,15674,9700,14,55,1175,13093,37,169,41
2024-09-06,10885,536,2661,15.8,12445,9700,2,1,1423,10920,43,123,42
2024-09-07,7417,1024,3466,10.794,8490,9700,22,34,1378,7791,58,139,42
2024-09-08,9713,387,2829,21.77,11118,9700,0,0,508,9462,38,98,41
2024-09-09,14454,854,3296,73.876,16545,9700,0,3,1545,16397,51,115,43
2024-09-10,8600,456,2898,39.906,9799,9700,0,0,1792,10857,45,96,46
2024-09-11,11646,495,2937,29.607,13331,9700,0,4,1569,9015,40,126,47
2024-09-12,12781,729,3158,30.48,14630,9700,0,1,1584,14880,36,107,46
2024-09-13,11746,550,2985,29.459,13445,9700,0,0,1177,10232,47,110,47
2024-09-14,7578,332,2773,22.357,8664,9700,0,0,752,5589,36,107,46
2024-09-15,5373,281,2722,8.252,6142,9700,0,0,1253,5571,37,105,46
2024-09-16,6330,892,3333,10.284,7109,9700,12,30,976,6631,39,161,45
2024-09-17,4692,242,2683,18.719,5335,9700,1,1,985,4838,41,121,43
2024-09-18,8836,983,3424,15.421,10114,9700,2,16,1105,7867,36,129,42
2024-09-19,9396,522,2963,16.386,10751,9700,0,1,2689,9087,39,109,43
2024-09-20,12091,843,3284,42.92,13841,9700,1,1,2452,10887,46,122,42
2024-09-21,4309,843,3287,4.542,4918,9700,45,37,1045,4075,73,149,43
2024-09-22,10665,1646,4090,19.901,9039,9700,35,75,2367,7849,57,159,44
2024-09-23,11944,879,3322,23.458,13672,9700,2,6,946,12264,50,123,45
2024-09-24,6971,425,2862,25.575,7952,9700,0,4,1712,5351,39,124,44
2024-09-25,7461,475,2907,21.336,8540,9700,0,1,1484,5446,38,112,44
2024-09-26,7158,783,3223,9.255,8194,9700,0,4,2542,8114,39,114,44
2024-09-27,11972,1364,3797,28.262,10891,9700,14,56,3547,6342,36,172,43
2024-09-28,2584,489,558,0,28,9700,0,0,0,120,52,78,43
2024-09-30,3246,408,408,NA,NA,NA,NA,NA,NA,NA,NA,NA,NA
2024-10-01,2743,489,489,NA,NA,NA,NA,NA,NA,NA,NA,NA,NA
2024-10-02,7771,868,3305,5.251,6675,9700,17,41,720,5631,57,168,46
2024-10-03,11797,896,3339,16.114,10903,9700,14,47,3367,5827,41,154,46
2024-10-04,8124,409,2850,21.336,9300,9700,0,0,2073,7380,42,108,47
2024-10-05,14227,730,3163,23.456,16278,9700,0,2,2008,11687,42,102,48
2024-10-06,13275,1357,3793,19.187,15196,9700,17,54,3456,9135,39,161,48
2024-10-07,14030,875,3319,35.662,13989,9700,17,40,2098,11543,40,162,49
2024-10-08,13117,769,3213,20.375,11383,9700,12,55,3516,6936,38,163,49
2024-10-09,9942,545,2975,46.937,11296,9700,0,0,4097,5805,41,107,46
2024-10-10,9913,431,2868,17.031,11321,9700,0,0,2494,7504,38,102,45
2024-10-11,14400,837,3270,59.249,12573,9700,30,5,1823,8339,38,115,44
2024-10-12,8651,468,2910,10.521,9903,9700,0,0,2273,9812,39,104,43
2024-10-13,13975,702,3144,36.573,15981,9700,0,1,1945,10959,39,110,44
2024-10-14,13098,957,3412,41.181,11401,9700,16,60,2763,7820,38,164,43
2024-10-15,12853,617,3064,46.885,12139,9700,7,52,2858,7257,41,154,43
2024-10-16,12470,809,3251,41.584,11782,9700,5,37,2770,9309,38,164,42
2024-10-17,10810,584,3020,19.074,12349,9700,0,2,3550,7051,37,110,42
2024-10-18,12108,654,3083,120.721,13860,9700,4,3,2211,9356,39,125,42
2024-10-19,3118,157,2586,3.048,3560,9700,0,0,351,4414,41,100,43
2024-10-20,2764,246,2675,3.226,3118,9700,0,7,1168,3856,36,133,42
2024-10-21,6262,475,2904,6.096,4751,9700,22,38,819,4727,37,171,42
2024-10-22,7351,601,3030,0,5914,9700,9,49,1727,5135,36,168,41
2024-10-23,6213,359,2814,9.144,4628,9700,18,40,1069,3789,38,159,41
2024-10-24,12024,828,3283,51.128,10384,9700,18,66,1899,7212,38,194,42
2024-10-25,8345,480,2926,29.845,9535,9700,0,1,1860,7591,39,103,42
2024-10-26,1361,32,2487,0,1534,9700,0,0,680,1156,40,87,41
2024-10-27,10376,1087,3546,20.442,11795,9700,9,36,2065,8362,37,145,41
2024-10-28,15299,1014,3468,24.384,15213,9700,8,43,4296,9452,49,170,42
2024-10-29,15557,1217,3657,44.608,14499,9700,15,66,4454,9510,38,160,43
2024-10-30,15812,1187,3627,24.384,14668,9700,8,59,3172,9800,48,167,43
2024-10-31,16998,1157,3589,51.816,17961,9700,2,35,4056,9913,38,165,43
2024-11-01,7598,458,2902,16.757,8677,9700,0,0,3206,5769,39,110,43
2024-11-02,6836,293,2742,10.72,7825,9700,0,0,2347,6809,36,95,42
2024-11-03,8422,421,2870,7.288,9606,9700,0,2,3669,6477,37,110,42
2024-11-04,13841,1040,3489,44.233,13544,9700,9,44,3548,7870,35,160,41
2024-11-05,6311,314,2763,30.48,7224,9700,0,1,1425,5866,37,113,41
2024-11-06,8192,371,2820,32.901,9366,9700,0,1,2853,6576,40,99,40
2024-11-07,7586,389,2838,33.936,8683,9700,0,0,3945,3275,37,104,40
2024-11-08,8857,482,2931,42.672,10099,9700,0,0,1955,6598,37,118,40
2024-11-09,7561,1115,3563,13.628,8622,9700,4,44,2087,6386,38,147,41
2024-11-10,8188,402,2850,4.984,9373,9700,0,0,1427,4431,39,113,41
2024-11-11,11724,637,3085,38.161,13370,9700,0,0,2586,8579,38,104,41
2024-11-12,11628,650,3104,20.625,12857,9700,0,2,2181,10684,49,113,42
2024-11-13,8984,554,3009,22.33,10243,9700,0,0,2396,8475,45,105,43
2024-11-14,8468,609,3057,31.411,9693,9700,6,6,1883,8650,37,117,43
2024-11-15,7837,1004,3467,19.792,8971,9700,13,39,2311,7201,58,146,44
2024-11-16,6652,908,3371,21.632,7297,9700,19,40,2687,5693,38,155,43
2024-11-17,8970,881,3344,12.192,10256,9700,33,24,1462,6367,40,135,44
2024-11-18,16913,1275,3738,44.437,16188,9700,15,50,2732,12293,54,169,44
2024-11-19,14611,1297,3760,45.72,12919,9700,19,63,2093,12551,43,172,44
2024-11-20,13094,1092,3547,21.973,11391,9700,15,68,2562,9422,40,174,44
2024-11-21,10987,751,3199,35.456,12563,9700,0,2,1528,12335,40,119,45
2024-11-22,9060,515,2963,28.025,10366,9700,0,1,1908,7810,40,111,44
2024-11-23,13913,822,3270,80.32,15905,9700,3,9,2878,9645,41,148,45
2024-11-24,9826,832,3280,15.24,11144,9700,1,7,2607,7614,40,124,45
2024-11-25,12607,997,3445,25.074,11826,9700,7,46,4480,6386,38,162,44
2024-11-26,13524,1121,3590,27.935,12857,9700,5,46,4493,7831,40,161,44
2024-11-27,17287,843,3306,62.67,19788,9700,118,4,6506,6713,37,127,43
2024-11-28,NA,0,2463,0,NA,9700,0,0,0,0,NA,NA,NA
2024-11-29,6054,759,3222,16.921,4837,9700,3,40,1580,3606,47,172,44
2024-11-30,13867,809,3272,18.288,13338,9700,7,52,988,10129,39,159,43
2024-12-01,37150,2150,4613,0,11449,9700,46,82,814,9681,51,170,44
2024-12-02,13360,873,3336,33.528,13736,9700,11,30,5019,5163,40,141,44
2024-12-03,7217,525,2988,47.687,7019,9700,1,27,1736,3438,39,141,44
2024-12-04,7543,486,2949,52.884,8634,9700,1,4,1647,4705,40,129,44
2024-12-05,6081,566,3029,11.404,6961,9700,0,3,615,6413,42,113,46
2024-12-06,5776,326,2789,16.232,6612,9700,0,0,1289,5595,44,99,46
2024-12-07,11066,379,2842,42.672,12667,9700,15,0,964,7824,42,94,47
2024-12-08,5505,225,2688,43.38,6301,9700,51,0,1467,3770,NA,NA,NA
2024-12-09,7545,347,2810,32.193,8637,9700,22,0,2037,6370,47,106,48
2024-12-10,8111,286,2495,12.036,9285,9700,0,0,268,7973,39,106,48
2024-12-11,13374,475,2938,19.21,15302,9700,0,1,529,14050,39,101,47
2024-12-12,7987,570,3033,120.4,9143,9700,2,11,1287,8283,37,133,46
2024-12-13,12038,1151,3614,185.928,11397,9700,9,42,2527,15502,38,146,45
2024-12-14,11310,651,3114,154.431,12947,9700,2,4,1282,11217,39,135,44
2024-12-15,16254,962,3425,118.92,18010,9700,62,11,852,14567,40,128,43
2024-12-16,9433,569,3032,13.2,10798,9700,0,0,796,9538,46,104,44
2024-12-17,10837,1623,4086,2.215,10910,9700,15,63,2608,11643,39,166,44
2024-12-18,6623,1114,3577,7.306,5398,9700,6,45,883,5953,40,153,44
2024-12-19,7270,685,3148,3.243,8272,9700,2,5,1650,8630,38,122,44
2024-12-20,11290,531,3096,49.522,12923,9700,1,1,1273,8116,41,117,45
2024-12-21,20791,1338,3801,121.92,23799,9700,20,9,5059,12678,40,135,45
2024-12-22,12533,1458,3921,97.536,12925,9700,14,47,2492,5153,46,171,45
2024-12-23,233,11,2474,0,267,9700,0,0,195,170,40,92,44
2024-12-24,8314,340,2803,41.205,9517,9700,44,0,916,4949,NA,NA,NA
2024-12-25,6063,248,2711,36.576,6940,9700,59,0,848,2902,NA,NA,NA
2024-12-26,0,0,2463,0,NA,9700,0,0,0,0,64,80,NA
2024-12-27,10090,618,3081,56.177,11550,9700,1,4,989,6858,53,122,46
2024-12-28,14473,1089,3552,54.864,16465,9700,4,18,1188,11194,43,154,47
2024-12-29,12283,1456,3919,64.008,12131,9700,40,60,2697,9416,41,193,47
2024-12-30,6929,429,3918,14.498000000000001,7932,9700,0,1,2701,6530,42,112,49
2024-12-31,1220,97,2560,18.664,1397,9700,0,0,345,1239,50,122,49
2025-01-01,4160,487,2944,3.048,3910,9700,9,14,1324,3728,39,138,48
2025-01-02,7551,544,3001,17.303,8644,9700,3,3,1028,6644,38,134,47
2025-01-03,11048,1579,4050,28.881,10600,9700,20,75,3595,6127,41,174,47
2025-01-04,7698,892,3369,3.048,8724,9700,14,38,2887,5484,42,155,47
2025-01-05,5424,381,2860,9.144,6209,9700,0,0,1031,4764,41,107,47
2025-01-06,5284,330,2805,24.403,6049,9700,0,0,500,5945,47,102,47
2025-01-07,10190,721,3186,41.05,11648,9700,1,6,3170,7955,38,117,45
2025-01-08,8222,690,3155,25.212,9401,9700,0,3,3486,6165,44,122,46
2025-01-09,9894,561,3026,31.355,11310,9700,0,2,3436,5853,45,109,47
2025-01-10,8457,535,3000,49.819,9674,9700,0,2,2095,5813,37,116,46
2025-01-11,6958,471,2936,8.52,7965,9700,1,6,2557,5339,37,125,45
2025-01-12,7701,372,2837,15.24,8816,9700,68,0,1053,6253,36,100,44
2025-01-13,15771,1408,3882,59.834,14515,9700,15,64,4034,9610,38,176,43
2025-01-14,12028,1094,3560,44.013,10206,9700,15,70,3338,5772,40,168,43
2025-01-15,11113,1224,3684,18.288,9201,9700,8,66,2565,6700,38,167,42
2025-01-16,12088,960,3413,43.88,10696,9700,10,57,4183,7846,39,168,41
2025-01-17,6516,268,2731,27.593,7459,9700,0,0,1242,6349,37,101,42
2025-01-18,8030,883,3347,25.104,9192,9700,24,32,1476,7081,37,144,42
2025-01-19,6767,781,3255,20.062,7692,9700,21,30,1741,6892,39,136,42
2025-01-20,9404,617,3091,19.711,10765,9700,0,0,3223,6392,37,116,42
2025-01-21,10996,1072,3535,46.989,8995,9700,20,75,2849,5328,37,174,41
2025-01-22,11292,1339,3800,76.508,9439,9700,5,66,2673,5939,41,169,42
2025-01-23,11907,955,3435,37.36,10314,9700,20,54,2156,7518,43,170,42
2025-01-24,282,19,2499,0,309,9700,0,0,390,180,42,91,43
2025-01-25,8851,834,3293,55.225,10132,9700,14,24,2218,5465,39,148,43
2025-01-26,3076,530,2999,2.346,3288,9700,7,31,540,2620,67,153,44
2025-01-27,16302,1344,3824,73.497,15220,9700,17,61,6203,6028,42,168,44
2025-01-28,6881,326,2796,21.336,7877,9700,0,0,1853,4791,37,105,45
2025-01-29,3783,278,2736,28.738,4330,9700,0,1,1518,4949,45,112,46
2025-01-30,10128,1388,3846,15.24,7250,9700,7,57,1308,7599,42,170,46
2025-01-31,5451,219,2677,13.318,6222,9700,0,0,751,5405,40,94,45
2025-02-01,4485,162,2642,3.048,5134,9700,0,0,1877,3804,38,91,46
2025-02-02,5712,291,2761,17.249,6521,9700,0,0,1759,4388,38,101,45
2025-02-03,12723,1101,3571,51.816,11411,9700,22,60,1846,11289,42,167,45
2025-02-04,12929,908,3378,41.607,11614,9700,9,61,3338,4111,39,165,44
2025-02-05,9799,707,3161,34.239,11217,9700,2,7,4445,7251,39,128,43
2025-02-06,12793,1343,3786,28.659,10446,9700,26,69,3158,8393,48,167,44
2025-02-07,9692,569,3016,44.689,11059,9700,0,3,2411,9144,41,113,44
2025-02-08,3806,263,2718,11.108,4357,9700,0,0,2190,3943,39,105,43
2025-02-09,12729,1280,3746,28.878,14267,9700,7,47,3316,10910,37,159,43
2025-02-10,12842,1206,3670,48.768,11033,9700,18,65,3318,10025,39,177,43
2025-02-11,11953,899,3358,29.188,9918,9700,28,64,2141,4909,38,167,43
2025-02-12,11725,543,2998,79.248,13246,9700,0,1,4176,9074,38,115,43
2025-02-13,13060,1299,3743,48.05,11746,9700,18,55,4267,8603,37,169,42
2025-02-14,13191,726,3175,42.672,15057,9700,0,1,4650,13184,36,116,41
2025-02-15,10346,1127,3587,42.672,11827,9700,13,45,3639,9892,43,148,42
2025-02-16,9113,433,2883,18.815,10257,9700,0,1,2446,7101,37,107,42
2025-02-17,7696,958,3405,22.619,8670,9700,9,42,3059,5054,37,159,41
2025-02-18,9675,580,3022,36.576,11063,9700,0,0,4002,8714,36,107,41
2025-02-19,13515,1350,3792,43.437,12151,9700,15,60,2934,10379,35,169,40
2025-02-20,11253,1226,3669,44.611,8627,9700,8,70,2892,4628,39,168,41
2025-02-21,12202,766,3198,46.798,13952,9700,0,9,4468,8566,37,132,41
2025-02-22,5787,657,3094,45.72,6467,9700,6,31,1680,4208,38,162,40
2025-02-23,7044,988,3428,13.182,8054,9700,68,38,300,5719,42,149,41
2025-02-24,8109,413,2851,34.375,9267,9700,0,0,2670,6147,35,106,41
2025-02-25,6079,340,2770,18.288,6948,9700,0,1,2832,4083,36,114,41
2025-02-26,5919,388,2819,5.375,6755,9700,1,2,3533,1986,35,127,40
2025-02-27,9173,501,2939,35.762,10500,9700,0,1,1876,7806,37,114,40
2025-02-28,7343,431,2861,43.029,8406,9700,0,1,1466,5273,37,115,40
2025-03-01,6819,903,3357,10.789,7546,9700,10,48,1628,5294,36,157,40
2025-03-02,9200,996,3440,10.414,10461,9700,26,30,2375,8384,37,136,40
2025-03-03,11894,1163,3599,45.733,10667,9700,13,54,3056,6791,39,166,40
2025-03-04,12262,853,3280,34.327,13981,9700,0,9,4001,9981,37,121,40
2025-03-05,10769,903,3327,23.461,9769,9700,8,47,4226,4268,38,165,40
2025-03-06,15590,1197,3637,54.864,14693,9700,20,54,4189,10469,40,162,41
2025-03-07,17050,1294,3726,83.489,17311,9700,8,41,3920,10056,37,161,40
2025-03-08,4800,661,3093,0,5301,9700,5,33,1632,4657,40,153,41
2025-03-09,9224,823,3169,14.094,10393,9700,13,26,1941,7816,36,145,41
2025-03-10,16554,1450,3888,34.186,15478,9700,32,89,4198,8974,38,165,41
2025-03-11,249,27,743,0,215,9700,0,0,240,240,41,113,41
2025-03-12,NA,NA,NA,NA,NA,NA,NA,NA,NA,NA,NA,NA,NA
2025-03-13,9942,545,2905,18.774,11359,7500,3,15,1833,5810,40,145,43
2025-03-14,9362,397,2844,23.724,10717,7890,1,1,1157,4600,36,117,43
2025-03-15,10424,913,3348,26.551,11932,8460,22,29,2054,5457,34,138,43
2025-03-16,6797,269,2706,25.594,7753,9160,0,0,1456,2157,37,124,43
2025-03-17,13348,954,3392,24.384,11969,9020,13,65,2547,3640,36,166,42
2025-03-18,8580,321,2759,21.336,9822,9320,0,1,1277,3667,32,116,43
2025-03-19,11193,991,3429,23.317,9668,9420,15,55,2293,3174,38,166,43
2025-03-20,8963,352,2783,37.082,10260,9470,0,0,390,4833,50,117,41
2025-03-21,13962,924,3360,41.216,13995,9630,2,34,1098,6226,37,161,41
2025-03-22,6185,621,3057,9.144,6835,10510,11,32,1094,2894,40,161,42
2025-03-23,11218,802,3238,13.689,12525,10150,8,30,1605,5286,38,165,42
2025-03-24,8491,318,2754,34.184,9696,10390,0,0,2061,2429,39,121,42
2025-03-25,6377,244,2687,29.459,7284,10320,2,1,1832,1878,36,120,42
2025-03-26,9761,346,2789,38.24,11173,9720,0,0,1667,3669,37,106,41
2025-03-27,11164,662,3109,21.991,10605,9870,5,44,1287,4194,36,169,41
2025-03-28,9027,328,2775,9.296,10296,10020,0,0,1654,3423,37,106,41
2025-03-29,5182,140,2587,22.834,5932,10080,0,0,761,1950,39,97,40
2025-03-30,3872,151,2589,8.043,4424,9670,1,1,458,1714,37,123,40
2025-03-31,6263,601,3039,2.189,4984,8620,17,46,269,3068,45,172,41
2025-04-01,7587,547,2985,12.852,6405,7900,10,38,540,3444,37,165,41
2025-04-02,6757,577,3015,15.824,5595,7610,15,40,289,3460,37,168,42
2025-04-03,12360,1067,3505,15.24,10761,7210,17,58,1155,5291,41,180,42
2025-04-04,7814,510,2957,44.951,8940,7570,2,10,884,4584,38,144,43
2025-04-05,4845,577,3030,3.048,5496,7850,22,23,350,3587,41,139,43
2025-04-06,9020,947,3395,7.08,10062,7620,14,47,1772,4272,40,157,44
2025-04-07,10291,373,2821,52.709,11780,7870,0,0,1722,3913,37,120,43
2025-04-08,7608,289,2737,16.566,8702,8660,0,0,1975,2125,37,104,43
2025-04-09,10348,895,3343,43.168,9509,8670,11,45,929,4651,40,163,43
2025-04-10,11609,1144,3582,39.624,10640,8840,34,52,1847,4510,42,171,43
2025-04-11,11860,777,3215,56.182,11676,9200,12,36,1025,5654,40,166,44
2025-04-12,3986,76,2514,7.416,4346,9700,0,0,331,1549,41,98,43
2025-04-13,4909,161,2599,6.662,5619,9170,0,0,125,2677,41,94,44
2025-04-14,14856,1067,3520,80.16,14688,8460,31,43,1191,7777,37,187,44
2025-04-15,8996,384,2837,26.324,10281,9090,0,0,1933,3127,39,116,44
2025-04-16,10741,511,2964,28.7,12285,9330,1,4,1144,5338,39,126,43
2025-04-17,9157,400,2841,69.165,10468,9930,0,1,991,4354,37,112,42
2025-04-18,8839,513,2954,38.227,10087,10040,0,3,671,4978,45,120,42
2025-04-19,18,0,2441,0,21,10050,0,0,0,6,38,73,42
2025-04-20,NA,0,2441,0,NA,10050,0,0,0,0,NA,NA,NA
2025-04-21,10782,797,3250,30.778,10252,10050,2,44,1179,5081,54,161,43
2025-04-22,17427,1250,3703,38.423,17921,10070,22,43,2926,7167,44,185,44
2025-04-23,9636,817,3258,31.578,8928,11640,13,40,2106,2844,42,162,44
2025-04-24,8324,296,2732,43.195,9529,11370,0,0,2126,2463,39,104,45
2025-04-25,17245,1042,3486,49.857,17485,11010,13,46,2017,7629,39,166,44
2025-04-26,9579,456,2900,102.922,10949,11660,0,0,549,5614,38,114,45
2025-04-27,7187,403,2835,22.446,8203,11590,3,10,229,4181,38,143,45
2025-04-28,13163,909,3341,55.394,12639,10920,18,46,1983,4753,38,163,44
2025-04-29,14361,866,3296,31.066,14211,11100,17,34,2363,5538,38,165,43
2025-04-30,12645,818,3250,35.394,12567,11730,14,36,1920,4995,38,163,42
2025-05-01,14652,703,3143,59.747,14918,11900,12,31,3148,5136,38,163,42
2025-05-02,15536,1015,3440,77.009,15345,12510,10,37,1851,7559,39,164,42
2025-05-03,8738,316,2746,30.693,9967,13080,0,0,821,4054,38,116,41
2025-05-04,12499,456,2896,40.966,14307,12770,0,0,1451,5477,40,113,41
2025-05-05,13067,786,3236,46.89,12631,12930,8,38,1805,4734,40,154,42
2025-05-06,8834,379,2816,25.989,10112,12900,0,0,2218,2801,43,111,42
2025-05-07,11710,938,3374,41.704,11458,12350,21,36,3335,3098,37,171,42
2025-05-08,10890,762,3198,26.356,10372,12180,6,44,1168,5078,38,166,42
2025-05-09,15261,1121,3547,62.442,15300,11820,27,43,1424,7432,36,167,42
2025-05-10,9864,803,3229,31.294,11291,12170,28,20,2098,5064,39,133,42
2025-05-11,10915,582,3014,39.624,11060,12090,5,19,461,5261,41,149,42
2025-05-12,12775,672,3113,47.342,12528,11890,0,38,1295,4932,38,158,42
2025-05-13,16839,1110,3540,36.576,17046,11960,16,46,2292,7408,37,164,41
2025-05-14,10126,601,3010,35.792,9757,12980,9,30,1988,2876,37,163,42
2025-05-15,8760,607,3016,23.695,8343,12660,4,33,1454,3307,40,161,42
2025-05-16,9118,635,3066,18.465,8006,11800,14,33,1006,3405,38,164,42
2025-05-17,2001,39,2471,5.214,2291,11050,0,0,532,372,33,86,42
2025-05-18,7393,311,2732,31.978,8463,9300,0,0,81,4513,36,114,41
2025-05-19,10864,361,2782,30.48,12354,9140,0,0,1628,4015,39,114,41
2025-05-20,10493,680,3115,16.798,10042,9470,17,37,863,4680,37,161,41
2025-05-21,6628,245,2680,27.723,7576,9590,0,0,907,2819,49,107,41
2025-05-22,12435,720,3152,36.576,12344,9390,8,36,1650,4953,46,167,41
2025-05-23,12367,867,3303,43.203,12292,9690,12,33,1239,5897,39,165,42
2025-05-24,18218,1311,3747,148.564,17863,10210,17,39,1680,7972,40,149,42
2025-05-25,10117,384,2836,56.665,11512,11740,1,1,2323,3242,38,121,42
2025-05-26,9999,371,2808,17.403,11431,11720,0,0,3158,2195,39,105,42
2025-05-27,10363,496,2927,35.147,11862,11670,0,0,1802,4355,37,115,42
2025-05-28,10409,875,3312,25.714,10028,11690,16,41,2021,4032,38,168,42
2025-05-29,10235,402,2839,49.66,11716,11530,0,0,1867,3918,37,112,41
2025-05-30,11896,413,2850,43.021,13617,11550,0,0,834,5891,37,119,41
2025-05-31,8129,352,2392,24.876,9305,11970,4,0,1928,2657,36,113,41
2025-06-01,1516,94,2549,0,1735,11970,0,0,510,1479,44,102,41
2025-06-02,10940,549,3004,46.923,12523,10950,3,6,857,6210,44,119,42
2025-06-03,14823,662,3117,61.499,16450,11110,0,2,3827,4600,38,119,42
2025-06-04,10642,491,2946,70.512,12141,12180,0,0,1334,5072,37,113,42
2025-06-05,11411,610,3065,57.912,13049,12180,3,3,1409,5918,38,123,42
2025-06-06,12299,580,3035,82.296,14079,12270,0,1,1836,5744,51,119,42
2025-06-07,9940,362,2817,41.805,11113,12640,0,0,640,4981,38,111,43
2025-06-08,9632,455,2910,53.959,10942,12490,0,1,507,5328,38,120,42
2025-06-09,14777,794,3249,98.119,16915,12180,6,2,4343,4309,40,122,42
2025-06-10,8352,276,2731,27.681,9560,12660,0,0,231,4844,40,106,42
2025-06-11,15009,1105,3560,26.755,16065,9700,7,33,448,10928,38,197,43
2025-06-12,17915,1303,3758,108.085,19175,10340,6,42,306,12875,42,171,43
2025-06-13,12906,416,2871,3.048,14773,12110,0,0,290,7671,40,97,43
2025-06-14,24474,1342,3797,80.628,27978,12650,16,9,1755,14266,49,140,44
2025-06-15,7870,296,3057,17.347,9009,9700,0,0,268,4278,40,105,44
2025-06-16,13175,1119,3574,26.645,10941,9700,16,74,2189,3348,47,166,45
2025-06-17,13406,747,3201,54.864,13262,9830,8,43,2603,3776,42,153,45
2025-06-18,12657,835,3318,45.752,11873,10520,3,47,1414,4814,40,164,45
2025-06-19,14718,876,3364,23.298,14568,10790,9,43,2255,5504,39,159,45
2025-06-20,7094,213,2665,18.288,8120,11550,0,0,1077,2822,37,100,44
2025-06-21,8241,772,3246,17.152,9147,11210,10,34,1680,3677,38,165,43
2025-06-22,7654,475,2930,22.315,7765,10800,10,14,224,3815,37,137,43
2025-06-23,5467,266,2729,48.013,6226,10200,0,1,230,3071,40,119,43
2025-06-24,10509,837,3300,50.088,9805,9410,1,35,857,4472,46,167,43
2025-06-25,13347,1007,3456,53.792,12672,9450,5,51,2091,5042,44,163,43
2025-06-26,10719,792,3236,32.331,9980,10100,15,38,1526,4184,43,160,44
2025-06-27,10466,720,3161,17.035,9731,10090,13,50,2212,2879,45,160,45
2025-06-28,3819,428,2875,14.001,4371,10020,40,7,66,3005,46,126,46
2025-06-29,9592,861,3307,30.48,10736,8890,9,33,959,5718,45,151,47
2025-06-30,9373,343,2790,33.528,10729,9080,0,0,1382,3978,42,109,48
2025-07-01,13452,875,3322,52.535,12602,9410,6,42,973,5412,46,165,49
2025-07-02,16084,1080,3532,30.87,15402,10050,4,47,1545,6606,38,168,47
2025-07-03,10701,352,2799,35.564,12239,11120,0,0,1484,4476,37,98,46
2025-07-04,4563,559,3014,5.197,5217,11350,4,30,860,2410,38,157,45
2025-07-05,9909,722,3176,34.602,11294,10740,20,24,2182,4169,35,142,43
2025-07-06,10107,807,3277,45.72,10801,10800,12,30,903,5318,38,150,42
2025-07-07,14140,1020,3474,31.54,12310,10810,6,54,729,5003,36,163,41
2025-07-08,11892,419,2854,26.101,13613,11110,0,0,2645,3862,39,118,39
2025-07-09,17485,1315,3752,76.2,16143,11610,7,54,1678,6915,38,160,39
2025-07-10,13032,776,3216,55.257,11538,12520,7,52,1344,4053,38,158,40
2025-07-11,8190,463,2898,25.194,9375,12430,28,8,1306,3662,38,129,40
2025-07-12,6885,580,3009,18.288,7590,11820,7,26,535,3806,48,157,41
2025-07-13,9861,565,2994,27.432,11056,10980,4,23,1100,4967,36,150,40
2025-07-14,11033,836,3286,21.6,9923,10990,8,38,1681,3295,35,158,40
2025-07-15,10063,238,2680,28.727,11507,10890,0,0,917,4427,42,100,40
2025-07-16,11490,907,3351,56.241,10486,10960,4,43,1106,5383,38,171,40
2025-07-17,8631,202,2632,20.081,9880,10920,0,0,248,4357,38,97,40
2025-07-18,12461,926,3366,54.948,11543,10720,12,43,1199,5418,39,173,41
2025-07-19,3718,405,2855,6.096,4163,10810,15,21,337,2181,38,134,40
2025-07-20,9050,1189,3639,22.956,10098,10150,19,27,1181,4726,37,155,40
2025-07-21,8940,247,2693,46.553,10224,10140,0,0,1184,3538,48,114,41
2025-07-22,9949,299,2745,54.864,11370,10150,0,0,933,4330,36,98,40
2025-07-23,10972,736,3183,25.597,9942,10400,5,40,1002,4012,40,169,41
2025-07-24,13485,745,3191,27.432,12722,10360,8,43,2549,3540,38,164,41
2025-07-25,15999,996,3446,68.196,15624,10600,10,48,1982,5847,38,157,41
2025-07-26,16001,1290,3740,122.715,15535,11610,3,46,1638,6924,41,160,41
2025-07-27,9965,945,3387,11.259,11004,12400,15,41,1013,5881,36,156,41
2025-07-28,9631,289,2741,41.655,11024,12260,0,0,1697,3318,37,102,40
2025-07-29,11892,951,3393,37.411,10996,12020,6,43,642,5468,38,154,41
2025-07-30,11385,367,2808,30.48,13015,11820,0,1,445,5979,40,112,41
2025-07-31,11359,983,3425,38.714,9884,11940,8,57,464,4925,39,170,41
2025-08-01,13743,779,3221,65.367,13647,11740,4,36,1686,5483,38,159,41
2025-08-02,7348,245,2692,15.66,8388,11930,0,0,894,3058,42,103,41
2025-08-03,9245,688,3140,19.989,10527,11580,28,16,430,5416,37,139,42
2025-08-04,9316,236,2688,26.347,10591,11370,0,0,1597,3027,43,103,43
2025-08-05,10422,416,2864,35.253,11913,11220,1,2,1346,4703,42,126,43
2025-08-06,8923,333,2781,23.114,10202,11290,0,0,2098,3022,41,112,44
2025-08-07,13925,1020,3474,44.6,12262,11190,6,66,3076,3180,47,163,45
2025-08-08,13749,731,3180,42.672,13678,11300,4,34,2942,4048,39,161,45
2025-08-09,4093,648,3101,6.391,4469,11780,16,35,899,2344,40,154,52
2025-08-10,5287,142,2586,17.548,6052,11050,0,0,319,2393,40,105,49
2025-08-11,12379,810,3262,51.064,11553,10050,11,46,847,5047,39,160,45
2025-08-12,10642,385,2828,40.373,12180,10200,0,1,2518,3277,39,116,46
2025-08-13,12639,889,3332,31.128,11901,10600,7,53,1558,5017,40,171,45
2025-08-14,18751,1100,3543,31.67,18901,10860,8,43,725,9884,38,162,45
2025-08-15,7662,225,2650,12.192,8771,12470,0,0,701,3422,39,111,42
2025-08-16,8138,720,3164,28.452,9304,12100,26,29,931,4893,39,158,42
2025-08-17,7932,729,3173,19.7,8816,11540,8,34,1533,3724,38,156,41
2025-08-18,12247,681,3139,32.077,10346,11000,14,60,1883,2995,41,154,42
2025-08-19,14722,1073,3531,58.345,12902,10870,10,48,2621,4227,39,169,42
2025-08-20,9171,222,2668,44.102,10498,11080,0,0,1132,3537,41,99,42
2025-08-21,13585,983,3431,37.994,11708,11030,12,55,1538,5253,39,163,42
2025-08-22,7504,229,2677,2.242,8582,11100,0,0,1037,3053,39,100,42
2025-08-23,12511,1058,3512,105.572,12457,10850,14,35,2197,4673,55,162,43
2025-08-24,2843,54,2494,16.229,3193,11010,0,0,179,1126,41,95,44
2025-08-25,13728,933,3373,38.387,11947,10230,12,48,1032,4817,38,162,43
2025-08-26,8548,331,2779,32.409,9785,10410,0,1,852,4058,39,114,42
2025-08-27,12010,934,3374,15.406,10097,10350,6,50,281,4920,39,163,42
2025-08-28,12201,572,3014,58.515,12702,10300,3,21,868,5574,41,151,42
2025-08-29,12380,968,3448,29.176,11241,10540,5,40,2283,3544,40,167,42
2025-08-30,16783,1291,3771,192.607,17737,10680,24,31,2563,7214,39,158,43
2025-08-31,6441,791,3271,16.655,6891,12100,15,37,1113,3903,50,151,45
2025-09-01,5066,178,2658,11.127,5799,11580,0,0,764,2086,45,111,47
2025-09-02,12384,1052,3485,41.563,10531,10430,8,54,228,5553,47,170,48
2025-09-03,10943,770,3213,26.146,9356,10440,13,45,179,4551,39,164,42
2025-09-04,10894,502,2948,35.903,11230,10340,5,21,1184,4300,39,147,42
2025-09-05,11823,839,3296,22.421,11054,10430,7,38,260,5568,40,168,42
2025-09-06,14962,1299,3756,140.919,13875,10560,21,42,1347,6404,39,155,41
2025-09-07,3667,532,2989,6.549,4197,11230,29,19,121,3187,50,140,46
2025-09-08,10709,368,2825,26.493,12258,10530,0,0,1821,4100,39,100,41
2025-09-09,7313,269,2716,33.863,8371,10710,23,0,1277,2758,37,95,41
2025-09-10,13645,957,3412,42.73,12125,10480,10,49,1705,4349,38,163,41
2025-09-11,11991,941,3389,12.192,9725,10650,11,53,1027,3832,39,159,41
2025-09-12,11340,720,3185,36.576,10647,10560,7,35,1111,4504,43,165,42
2025-09-13,7415,727,3164,10.264,5550,10570,27,37,1488,1169,41,133,42
2025-09-14,3226,730,3167,4.863,2800,10070,9,45,591,2299,53,162,43
2025-09-15,11619,491,2935,63.003,13300,8620,0,0,2173,4454,38,119,43
2025-09-16,7549,279,2723,35.689,8629,9090,0,0,930,3340,43,110,44
2025-09-17,11028,820,3267,52.763,9497,9050,10,46,1307,3840,43,157,46
2025-09-18,11902,844,3290,55.878,10633,9100,10,42,976,4507,39,162,44
2025-09-19,2497,421,2867,0,33,9410,0,0,13,0,39,87,44
2025-09-20,2772,619,3062,9.85,3164,9410,25,33,297,2483,38,146,43
2025-09-21,9953,1177,3621,25.196,9422,8160,22,55,1083,4793,57,155,45
2025-09-22,9128,343,2787,48.768,10426,8290,0,0,769,4244,44,110,46
2025-09-23,6580,246,2689,42.822,7532,8720,0,0,236,3711,49,115,47
2025-09-24,14434,904,3348,31.736,14031,8610,17,45,1350,5879,38,157,41
2025-09-25,6234,208,2643,9.146,7136,9160,0,0,75,3596,41,107,42
2025-09-26,12900,716,3164,36.576,13061,8960,4,34,2457,4538,39,156,41
2025-09-27,6445,322,2770,22.822,7377,9370,0,5,147,3702,40,127,48
2025-09-28,15328,1586,4034,30.796,13992,9170,4,60,1132,7759,56,164,47
2025-09-29,6469,220,2668,26.418,7405,9660,0,0,1072,2531,44,103,46
2025-09-30,4477,150,2582,14.323,5125,9440,0,0,325,2108,41,103,44
2025-10-01,13845,903,3347,60.21,13641,8580,10,39,1691,5745,37,169,41
2025-10-02,12850,1008,3446,54.864,11143,9090,8,58,2340,3424,41,161,42
2025-10-03,11965,482,2904,58.649,12833,9500,3,22,1935,4772,44,137,43
2025-10-04,7761,271,2693,20.454,8884,10170,0,0,1407,2970,40,106,45
2025-10-05,4059,149,2571,11.327,4610,10050,0,0,481,1695,49,102,45
2025-10-06,6689,208,2630,23.514,7497,8970,0,0,1369,1958,44,96,45
2025-10-07,9791,390,2840,30.48,11207,8680,0,0,1249,4476,39,106,45
2025-10-08,3131,626,3081,0,314,8940,0,0,84,0,41,86,46
2025-10-09,11784,791,3243,52.715,10325,8940,20,47,2028,3020,42,160,47
2025-10-10,10828,702,3148,23.707,9883,9080,14,32,1038,3772,43,157,47
2025-10-11,6213,682,3128,21.466,7018,9240,20,32,829,3387,39,147,46
2025-10-12,9330,833,3281,7.72,10510,9020,17,33,342,6227,40,153,45
2025-10-13,9686,375,2823,29.46,11088,9170,0,0,209,5522,45,115,45
2025-10-14,8460,419,2873,61.656,9683,9560,0,0,1818,2940,39,107,45
2025-10-15,12498,1096,3542,47.366,10973,9590,4,68,1759,4508,39,162,44
2025-10-16,9843,488,2935,26.545,11267,9870,2,3,483,5640,41,130,44
2025-10-17,10137,747,3194,40.29,9247,10150,9,53,438,4519,38,166,43
2025-10-18,3130,84,2531,12.696,3583,10060,0,0,142,1457,42,106,43
2025-10-19,5896,788,3240,16.804,6749,8770,10,42,459,4181,45,153,44
2025-10-20,10845,345,2815,42.918,12299,8370,0,0,1321,4566,43,97,43
2025-10-21,7699,323,2780,19.506,8813,8770,0,0,1197,3266,43,104,44
2025-10-22,7716,845,2532,9.521,4150,8780,0,0,317,1806,41,114,44
2025-10-23,14195,1021,3401,36.576,13102,8780,19,62,2645,5721,55,160,48
2025-10-24,9214,386,2844,33.528,10547,9650,0,2,2034,3476,39,117,45
2025-10-25,10195,923,3309,69.479,11623,9830,30,32,2444,5522,42,138,45
2025-10-26,3013,51,2437,0,3449,10190,0,0,492,896,38,91,48
2025-10-27,4372,526,2912,0,5000,9520,17,51,201,2626,45,166,49
2025-10-28,976,38,2424,0,1117,8620,0,0,36,565,62,103,50
2025-10-29,10405,910,3296,10.988,9135,7120,7,50,1670,7416,49,166,51
2025-10-30,11295,651,3037,67.056,10613,7330,8,34,783,4547,43,153,48
2025-10-31,11957,745,3205,22.23,12248,7990,6,31,298,6453,46,163,50
2025-11-01,3142,103,2563,11.189,3565,8850,0,0,270,1985,45,101,51
2025-11-02,4692,176,2636,7.864,5341,11300,0,0,41,2778,47,101,46
2025-11-03,16023,1498,3958,64.008,16168,10110,33,69,697,10287,43,155,46
2025-11-04,13664,1120,3567,43.303,13154,10720,27,60,280,8217,42,158,46
2025-11-05,13779,1303,3755,40.468,13391,11210,24,76,1425,6945,42,154,46
2025-11-06,14431,1127,3575,51.816,14318,11650,31,50,1664,6386,38,149,45
2025-11-07,11304,812,3261,32.279,11472,12190,36,25,635,5965,38,145,45
2025-11-08,6073,187,2645,8.316,6952,12120,0,2,133,3716,38,120,44
2025-11-09,4784,219,2677,30.48,5476,11090,1,6,290,2692,43,129,44
2025-11-10,13883,1078,3555,59.338,13411,9970,35,42,559,6740,42,161,44
2025-11-11,11541,781,3240,42.672,13211,10320,32,7,802,7202,42,119,44
2025-11-12,11186,728,3177,40.762,10333,10900,10,40,1324,3788,40,163,43
2025-11-13,16784,1227,3687,42.672,16786,10850,43,47,503,9432,41,156,43
2025-11-14,10089,731,3188,47.905,11485,11450,27,14,825,6096,38,133,43
2025-11-15,5484,198,2656,13.144,6271,11460,0,0,238,2935,40,107,44
2025-11-16,6665,226,2691,20.248,7629,10950,0,0,123,3424,54,110,44
2025-11-17,13232,936,3385,44.14,12113,10290,10,47,377,6031,40,169,43
2025-11-18,12161,1026,3453,29.148,11373,10480,35,42,330,6294,48,163,44
2025-11-19,12285,709,3164,59.963,14052,10660,30,5,1014,6408,40,124,42
2025-11-20,16480,1153,3603,80.361,15954,11340,17,51,2131,6578,41,164,42
2025-11-21,11892,457,2897,31.222,13613,12270,0,0,854,6128,39,103,42
2025-11-22,7002,623,3069,26.714,8015,12540,17,28,426,4448,40,151,44
2025-11-23,0,0,2446,0,NA,12090,0,0,0,0,41,88,43
2025-11-24,13003,966,3412,41.352,12185,12090,28,41,886,5501,40,166,43
2025-11-25,11751,1031,3480,28.848,10480,12100,34,58,863,5156,40,162,44
2025-11-26,11336,1046,3498,24.384,10222,11940,46,57,875,5963,46,158,44
2025-11-27,1386,28,2476,6.096,1587,11600,0,0,221,419,46,96,46
2025-11-28,1535,28,2476,9.421,1757,9600,0,0,25,789,46,92,47
2025-11-29,6502,873,3321,29.143,7179,8040,18,38,686,4325,38,155,47
2025-11-30,24,0,2448,0,27,7870,0,0,0,10,50,77,47
2025-12-01,7454,292,2747,32.194,8481,7870,1,1,1661,2439,39,119,48
2025-12-02,13897,1313,3768,41.943,13638,7940,33,52,2223,5756,39,160,45
2025-12-03,11091,412,2864,64.402,12696,9080,0,0,2326,3976,41,112,45
2025-12-04,11933,891,3337,36.938,10601,9810,12,51,2147,3366,40,166,44
2025-12-05,9143,630,3070,25.026,10459,9970,19,17,1716,3782,43,149,44
2025-12-06,7525,247,2694,22.63,8614,10070,0,0,938,3378,46,107,46
2025-12-07,4084,154,2604,9.144,4638,9930,0,1,1189,803,44,113,46
2025-12-08,13035,560,3025,54.864,14918,8880,0,0,932,7122,47,119,46
2025-12-09,13296,1132,3597,31.927,12982,9490,12,44,221,8229,43,173,48
2025-12-10,13108,1116,3581,21.929,11463,10190,9,62,144,6159,53,163,49
2025-12-11,12139,637,3089,46.748,10608,10450,6,62,1135,4021,54,149,50
2025-12-12,11736,469,2926,33.962,13434,10490,1,4,1951,4693,41,126,44
2025-12-13,8837,766,3212,20.088,6321,11080,7,57,874,2564,38,166,43
2025-12-14,6957,217,2671,46.807,7948,10610,0,4,352,3734,42,120,48
2025-12-15,10460,456,2896,44.614000000000004,14636,10080,0,1,1370,4567,44,118,47
2025-12-16,11301,344,2787,46.552,12936,10270,0,0,746,5414,49,107,47
2025-12-17,7967,342,2773,36.85,9120,10810,0,0,2048,2531,47,108,47
2025-12-18,11580,461,2892,53.221,13256,10650,2,2,1357,5330,44,119,47
2025-12-19,11402,765,3196,32.056,12815,10910,10,9,901,6926,59,130,48
2025-12-20,8955,248,2707,19.732,10174,11300,0,0,982,3677,40,109,50
2025-12-21,7144,339,2798,9.144,8178,11190,0,2,108,4544,40,119,51
2025-12-22,8487,519,2978,39.435,9283,11300,0,6,670,4331,45,136,52
2025-12-23,12748,540,2999,60.338,14592,10900,0,3,1046,6338,45,146,52
2025-12-24,0,0,2459,0,NA,11270,0,0,0,0,69,72,NA
2025-12-25,NA,0,2459,0,NA,11270,0,0,0,0,68,77,NA
2025-12-26,7098,709,3168,42.672,8050,11270,13,12,361,4791,55,141,54
2025-12-27,4684,246,2705,67.056,5362,10630,1,3,722,2109,40,145,53
2025-12-28,13911,527,2986,125.779,15736,9580,0,0,3001,4534,41,111,51
2025-12-29,13156,696,3155,13.626000000000001,13566,11300,7,32,303,7775,42,169,50
2025-12-30,8748,200,2659,3.617,9961,11520,0,0,121,4946,46,91,49
2025-12-31,6902,169,2628,18.288,7901,11370,0,0,380,3510,42,106,49
2026-01-01,13741,451,2910,9.144,15618,10680,0,0,740,7392,46,106,50
2026-01-02,6213,131,2590,15.24,7088,11180,0,0,217,3375,47,100,49
2026-01-03,19098,569,3028,15.344,21653,10770,0,0,255,11010,52,109,50
2026-01-04,7334,186,2645,20.671,8130,11860,0,0,471,3413,47,108,52
2026-01-05,15848,2233,4686,52.742,18127,11490,53,53,1104,13692,61,156,53
2026-01-06,20680,2466,4919,60.036,22481,12160,34,82,1744,14930,55,164,54
2026-01-07,15467,1205,3658,24.443,16908,14160,31,30,1390,9048,41,173,53
2026-01-08,14232,637,3090,104.433,16248,14710,0,0,2298,6431,48,111,53
2026-01-09,17586,1552,4005,134.221,20081,15020,22,23,1713,11403,61,135,54
2026-01-10,15163,1014,3467,78.411,17304,16040,0,8,1116,9201,42,118,53
2026-01-11,9752,1292,3745,97.536,9452,16300,26,57,359,6605,44,183,52
2026-01-12,10938,628,3081,69.005,12520,15620,1,4,2732,4173,44,128,51
2026-01-13,8034,1037,3490,19.071,8510,11300,12,53,1875,3618,44,159,50
2026-01-14,15076,1244,3697,31.545,13897,11300,37,68,1358,6265,44,167,49
2026-01-15,8805,404,2857,28.815,10079,11560,3,4,286,5073,44,131,45
2026-01-16,13879,1244,3697,29.812,14798,11420,9,62,158,9607,43,163,46
2026-01-17,6102,264,2717,8.32,6957,11760,0,1,353,3472,41,129,46
2026-01-18,6931,219,2672,3.118,7934,11280,0,0,292,3686,38,106,45
2026-01-19,4212,263,2716,18.288,4715,10610,0,5,464,2077,39,131,45
2026-01-20,8821,416,2869,13.844,10097,9440,5,3,489,4892,44,126,44
2026-01-21,12965,1039,3492,17.647,11197,9510,9,67,259,5692,36,169,44
2026-01-22,14012,1107,3560,23.464,12489,9850,21,57,1632,4801,41,164,44
2026-01-23,10393,466,2919,25.26,11894,10380,0,7,1871,3959,44,127,45
2026-01-24,11687,883,3335,12.749,13359,10690,13,27,457,7671,40,143,44
2026-01-25,9850,415,2862,9.665,11256,11230,0,0,426,5578,36,113,43
2026-01-26,12382,567,3017,56.139,14173,11240,1,3,3488,3525,41,121,44
2026-01-27,14495,848,3286,30.883,14168,11830,14,43,1450,5898,41,166,44
2026-01-28,10884,344,2777,24.384,12410,12300,0,0,879,5014,43,98,44
2026-01-29,8805,323,2758,20.57,10079,12330,0,0,838,4637,40,99,44
2026-01-30,10899,768,3204,41.882,11326,12110,2,23,995,5446,38,161,44
2026-01-31,7627,253,2697,6.096,8719,11960,0,0,674,3526,46,108,44
2026-02-01,7517,234,2669,5.386,8554,11320,0,0,154,4049,39,95,43
2026-02-02,14988,588,3025,29.807,17038,10770,0,1,2072,6494,39,121,45
2026-02-03,9877,467,2902,29.402,11249,11400,1,7,343,5503,39,125,43
2026-02-04,11811,772,3202,47.035,12239,11390,3,26,1375,5483,39,165,43
2026-02-05,10643,368,2799,24.384,12164,11480,0,0,1243,4649,41,109,43
2026-02-06,11012,561,2986,56.417,12605,11620,6,7,2167,4622,38,134,43
2026-02-07,52,0,2431,0,59,11820,0,0,7,12,38,93,43
2026-02-08,2603,83,2508,5.402,2980,11820,0,0,39,1446,44,104,43
2026-02-09,8926,402,2827,39.862,10208,10060,1,1,362,5063,39,122,42
2026-02-10,9650,407,2833,31.73,11046,10080,0,0,1396,4180,39,118,42
2026-02-11,13805,1842,4271,40.177,15795,10280,1,6,2967,5323,33,127,42
2026-02-12,9835,290,2726,46.734,11258,11390,2,0,1169,4140,36,105,42
2026-02-13,12351,740,3161,32.554,14138,11380,6,12,1072,7072,40,135,43
2026-02-14,4182,511,2924,15.24,4776,11660,17,23,712,2544,40,140,42
2026-02-15,5975,253,2672,7.113,6840,10980,0,2,338,3364,42,130,42
2026-02-16,17,0,2419,0,19,10160,0,0,0,10,39,87,42
2026-02-17,12210,1380,3809,40.534,11297,10160,10,56,590,6887,55,168,43
2026-02-18,14308,849,3264,43.723,13594,10280,7,48,2273,4453,49,160,47
2026-02-19,13322,541,2957,35.481,15250,10950,2,1,891,6746,45,124,48
2026-02-20,13763,918,3329,13.84,13147,11810,7,53,1899,5275,39,167,42
2026-02-21,0,10,2431,0,0,12080,0,0,0,0,39,104,43
2026-02-22,4567,189,2616,7.935,5228,12080,0,2,64,2840,38,130,43
2026-02-23,17910,1113,3533,85.344,18084,10710,14,36,3417,5965,39,163,42
2026-02-24,11022,542,2952,40.456,12617,11450,0,0,934,5825,41,115,42
2026-02-25,13113,1001,3412,37.756,11854,11690,12,55,791,5498,39,164,42
2026-02-26,17202,1076,3487,80.29,16840,11730,16,52,1984,6900,38,159,42
2026-02-27,5932,221,2642,19.849,6791,12760,1,1,914,2515,37,124,41
2026-02-28,8962,752,3176,12.784,7155,12170,14,53,615,2831,40,161,41
2026-03-01,NA,0,2424,0,NA,11170,0,0,0,0,64,84,42
2026-03-02,9485,366,2793,28.274,10857,11170,0,1,816,4613,42,115,42
2026-03-03,11140,396,2814,45.72,12740,11110,0,0,2009,4257,39,106,41
2026-03-04,10416,486,2904,24.486,11923,11280,0,4,1784,4375,40,121,43
2026-03-05,13257,1195,3613,13.579,12075,11410,21,40,271,6002,39,163,41
2026-03-06,11791,711,3144,21.336,10284,11550,14,49,1167,3956,45,153,45
2026-03-07,4769,182,2591,15.24,5445,11430,1,2,618,2439,40,122,45
2026-03-08,6550,498,2829,15.24,7462,11560,20,13,1563,2877,41,125,46
2026-03-09,9961,405,2838,24.767,11388,10740,0,0,1840,5419,44,108,47
2026-03-10,12454,883,3310,29.538,11473,10810,14,38,990,5683,48,160,48
2026-03-11,10561,359,2799,34.435,12089,10950,0,0,1299,4617,42,103,44
2026-03-12,15194,917,3357,47.642,14032,11180,9,59,441,6640,42,167,46
2026-03-13,14010,888,3317,26.005,14313,11750,6,30,2178,7489,43,160,45
2026-03-14,4846,196,2625,4.634,5547,12270,0,0,1295,1851,49,107,46
2026-03-15,NA,0,2429,0,NA,11600,0,0,0,0,39,83,46
2026-03-16,12631,863,3292,42.672,11823,11600,6,44,1348,4803,40,163,45
2026-03-17,12354,1069,3500,46.291,11541,11630,31,57,956,6000,39,152,44
2026-03-18,16054,881,3303,40.999,15730,11630,15,40,952,8586,38,146,44
2026-03-19,12651,720,3140,27.432,11878,12040,6,44,103,6100,40,155,43
2026-03-20,10734,371,2802,22.407,12287,12030,0,0,601,5701,39,112,42
2026-03-21,6008,207,2638,28.606,6877,12060,0,0,458,3113,43,102,42
2026-03-22,6699,225,2656,42.902,7668,11550,0,0,142,3794,43,118,43
2026-03-23,10867,373,2804,46.767,12439,10780,0,0,1163,5039,43,111,43
2026-03-24,10442,346,2777,26.013,11947,10950,0,0,2106,3507,41,105,45
2026-03-25,16006,1008,3439,50.106,14925,11150,8,53,984,6558,42,164,46
2026-03-26,13401,876,2967,27.432,11924,11910,10,60,1153,4799,43,164,48
